Injury,player_age,player_position,league,Actual_Days,Predicted_Days,Error (Difference)
22,18,11,2,29,36.4,-7.4
147,30,3,3,9,19.0,-10.0
171,23,2,1,23,30.7,-7.7
71,21,2,4,22,17.2,4.8
119,31,8,0,57,20.5,36.5
247,26,2,2,10,29.7,-19.7
14,26,8,0,8,28.2,-20.2
172,27,2,3,22,40.6,-18.6
226,21,5,0,5,29.2,-24.2
257,21,1,1,4,14.6,-10.6
268,29,12,4,22,19.7,2.3
12,27,8,0,66,60.6,5.4
272,24,5,0,14,10.0,4.0
227,29,8,1,8,30.4,-22.4
120,21,7,0,3,9.0,-6.0
118,32,8,3,73,32.8,40.2
118,24,0,2,27,18.6,8.4
268,23,1,0,12,17.5,-5.5
207,27,8,0,134,55.7,78.3
155,28,5,2,11,36.1,-25.1
209,33,4,1,62,28.5,33.5
14,23,0,4,8,5.9,2.1
120,23,4,3,3,12.0,-9.0
71,31,5,2,7,11.6,-4.6
268,25,2,2,7,17.1,-10.1
268,29,2,4,7,22.6,-15.6
262,23,0,4,14,8.7,5.3
71,27,2,1,15,12.7,2.3
225,22,3,2,8,32.0,-24.0
111,32,8,2,7,23.6,-16.6
107,31,4,3,36,46.5,-10.5
50,35,12,4,12,3.1,8.9
120,32,5,0,7,9.2,-2.2
145,31,2,0,11,26.7,-15.7
237,28,8,0,25,28.5,-3.5
188,32,2,0,257,39.9,217.1
109,32,4,3,18,36.2,-18.2
130,23,1,0,16,45.9,-29.9
143,32,11,1,59,67.3,-8.3
10,25,1,4,8,15.7,-7.7
266,27,12,4,8,9.5,-1.5
76,25,8,0,221,268.1,-47.1
169,31,2,4,14,14.9,-0.9
257,22,1,4,4,25.3,-21.3
241,20,8,3,27,47.8,-20.8
120,22,0,3,5,7.4,-2.4
209,21,2,4,21,38.7,-17.7
8,26,2,0,64,122.1,-58.1
171,26,7,3,13,42.1,-29.1
12,30,0,0,8,35.5,-27.5
199,26,2,3,9,18.7,-9.7
111,21,3,0,5,18.3,-13.3
79,26,2,2,19,26.2,-7.2
171,21,3,1,84,31.0,53.0
92,21,7,3,17,34.2,-17.2
109,29,4,3,20,29.9,-9.9
53,29,0,3,39,35.0,4.0
171,27,8,1,32,35.8,-3.8
111,29,8,0,7,25.5,-18.5
263,25,1,3,25,14.8,10.2
143,22,8,3,35,72.8,-37.8
92,20,2,0,144,24.8,119.2
107,21,8,4,18,52.8,-34.8
209,28,5,3,21,47.0,-26.0
147,20,1,3,9,21.4,-12.4
110,26,5,1,4,37.8,-33.8
231,27,12,0,18,26.1,-8.1
9,36,2,4,62,24.1,37.9
120,22,8,0,6,9.0,-3.0
17,31,11,3,29,62.6,-33.6
169,33,4,4,36,15.7,20.3
274,32,5,4,109,25.0,84.0
94,24,2,4,4,13.4,-9.4
259,25,1,3,11,24.4,-13.4
71,26,2,1,11,11.2,-0.2
201,39,5,0,26,18.5,7.5
12,27,8,3,140,54.4,85.6
9,28,4,0,16,54.2,-38.2
36,22,0,2,74,68.9,5.1
233,19,7,0,25,42.6,-17.6
108,25,8,4,14,34.5,-20.5
89,21,1,4,3,10.8,-7.8
34,24,4,2,60,73.3,-13.3
95,24,8,2,14,29.4,-15.4
266,23,0,3,11,11.9,-0.9
171,31,2,3,57,40.4,16.6
131,21,8,2,8,34.1,-26.1
135,31,12,1,3,43.4,-40.4
244,28,5,1,124,29.4,94.6
23,27,1,0,34,19.4,14.6
103,29,12,3,47,55.1,-8.1
254,34,0,4,131,16.8,114.2
268,22,2,4,21,25.0,-4.0
225,30,5,2,15,29.2,-14.2
9,26,2,4,15,28.6,-13.6
145,28,7,0,8,19.6,-11.6
13,25,2,2,18,49.8,-31.8
9,25,8,4,37,27.1,9.9
76,22,4,2,183,245.7,-62.7
143,23,12,2,27,39.6,-12.6
107,24,4,1,7,40.0,-33.0
171,27,3,3,19,38.6,-19.6
22,31,2,2,22,50.9,-28.9
268,22,2,0,15,18.2,-3.2
268,25,2,0,8,15.6,-7.6
120,20,5,4,12,15.4,-3.4
143,29,2,4,32,47.3,-15.3
108,23,11,1,16,22.7,-6.7
23,18,5,0,62,27.6,34.4
143,29,0,1,11,48.7,-37.7
79,24,7,2,34,27.3,6.7
225,21,2,0,11,24.9,-13.9
107,26,1,2,7,35.2,-28.2
79,30,4,2,33,23.9,9.1
92,24,5,4,39,19.1,19.9
12,27,12,3,37,48.0,-11.0
273,20,0,0,5,45.6,-40.6
107,31,8,2,45,33.3,11.7
120,26,5,3,4,14.5,-10.5
169,32,2,4,27,16.7,10.3
89,28,6,4,5,10.7,-5.7
260,18,2,0,12,13.6,-1.6
9,29,3,4,18,22.3,-4.3
120,33,12,0,4,5.5,-1.5
228,23,7,1,7,37.2,-30.2
76,20,7,3,310,261.6,48.4
107,27,4,1,33,37.6,-4.6
144,21,4,2,161,50.7,110.3
150,23,7,0,60,47.2,12.8
107,33,4,3,27,44.3,-17.3
71,34,1,1,12,9.9,2.1
57,26,2,3,15,31.8,-16.8
12,24,7,0,25,34.9,-9.9
171,27,2,1,29,35.3,-6.3
259,23,7,0,108,18.9,89.1
120,32,8,0,8,9.8,-1.8
268,27,8,0,10,19.2,-9.2
268,26,4,4,21,23.6,-2.6
169,23,2,4,15,12.6,2.4
249,22,6,0,6,25.6,-19.6
71,24,4,2,16,9.7,6.3
23,25,5,0,5,20.8,-15.8
111,23,2,4,30,14.5,15.5
71,28,1,2,11,10.1,0.9
95,26,3,4,7,34.2,-27.2
232,30,2,3,50,48.6,1.4
28,22,12,0,39,123.8,-84.8
199,24,3,2,8,4.0,4.0
237,29,4,0,48,28.5,19.5
14,24,12,3,6,28.6,-22.6
107,26,12,3,13,44.9,-31.9
71,28,12,2,11,5.1,5.9
53,31,0,2,6,38.1,-32.1
147,20,4,2,77,17.9,59.1
268,29,12,0,15,13.9,1.1
109,24,3,3,12,30.9,-18.9
71,33,2,2,9,15.9,-6.9
249,21,0,0,7,16.4,-9.4
57,29,12,3,32,25.7,6.3
119,25,2,0,80,24.5,55.5
79,35,5,2,8,24.8,-16.8
268,19,2,4,12,44.7,-32.7
9,32,2,4,21,25.4,-4.4
236,25,4,2,34,42.4,-8.4
53,34,4,1,71,35.1,35.9
145,19,2,4,3,16.0,-13.0
146,23,0,3,68,183.1,-115.1
171,23,8,3,35,36.2,-1.2
107,28,4,4,5,32.1,-27.1
146,21,5,0,25,162.2,-137.2
95,23,2,0,22,35.4,-13.4
100,29,6,3,5,30.7,-25.7
143,23,11,2,14,42.7,-28.7
160,21,1,1,52,46.6,5.4
120,25,5,3,32,14.5,17.5
107,25,12,4,19,38.3,-19.3
237,19,8,0,74,44.9,29.1
171,25,8,1,25,33.0,-8.0
169,29,13,4,4,11.8,-7.8
169,25,6,2,21,24.2,-3.2
147,23,7,3,13,19.9,-6.9
143,28,12,3,15,72.1,-57.1
107,25,12,4,10,38.3,-28.3
71,19,12,0,6,26.0,-20.0
55,28,4,1,7,29.9,-22.9
35,34,5,4,11,31.6,-20.6
107,27,2,0,32,39.7,-7.7
241,28,2,2,6,34.5,-28.5
79,25,4,2,19,29.4,-10.4
108,33,11,4,16,31.3,-15.3
268,26,3,0,40,15.9,24.1
107,32,4,1,8,33.3,-25.3
237,28,4,0,41,28.1,12.9
196,24,2,4,14,48.6,-34.6
266,22,7,3,15,17.5,-2.5
107,26,2,3,78,48.9,29.1
199,29,4,3,15,11.6,3.4
237,20,4,0,29,37.3,-8.3
142,27,7,3,52,67.4,-15.4
89,22,3,4,3,5.7,-2.7
53,29,1,2,19,26.9,-7.9
266,21,0,0,4,8.9,-4.9
108,29,12,4,49,30.9,18.1
239,30,7,1,24,32.7,-8.7
252,23,7,0,6,16.5,-10.5
236,21,7,0,48,73.3,-25.3
107,29,10,1,24,42.1,-18.1
53,28,4,0,40,33.5,6.5
169,24,4,4,8,13.2,-5.2
107,24,12,1,78,32.6,45.4
268,23,2,0,15,17.1,-2.1
120,30,12,0,8,6.1,1.9
147,32,0,2,17,14.5,2.5
155,27,1,1,22,62.2,-40.2
95,25,7,0,71,49.0,22.0
171,27,5,2,24,34.3,-10.3
272,31,5,0,3,7.0,-4.0
107,39,1,3,15,58.9,-43.9
262,22,11,0,21,10.8,10.2
46,25,3,1,12,22.0,-10.0
252,30,8,2,9,16.6,-7.6
71,35,2,1,11,15.3,-4.3
120,21,8,0,3,10.9,-7.9
225,25,8,0,5,20.1,-15.1
143,27,2,0,11,103.9,-92.9
12,25,2,0,31,51.4,-20.4
171,33,8,1,18,32.8,-14.8
109,25,4,2,34,29.2,4.8
268,31,11,4,15,20.0,-5.0
107,26,2,3,76,48.9,27.1
120,35,4,0,8,9.0,-1.0
145,22,4,1,12,24.8,-12.8
9,20,0,4,84,54.5,29.5
53,29,2,3,13,38.5,-25.5
171,18,2,2,3,55.4,-52.4
71,27,1,4,14,12.7,1.3
120,24,1,3,3,12.3,-9.3
171,29,2,3,15,36.8,-21.8
118,31,8,2,20,21.6,-1.6
61,33,5,0,22,42.4,-20.4
268,31,2,4,70,23.3,46.7
94,35,5,2,35,20.6,14.4
22,21,7,3,33,89.7,-56.7
107,22,10,4,40,38.5,1.5
10,25,0,2,5,22.3,-17.3
255,24,3,1,48,13.7,34.3
214,29,1,4,8,7.1,0.9
15,25,8,2,52,43.9,8.1
53,25,11,0,5,33.1,-28.1
92,24,2,0,8,31.9,-23.9
107,25,3,0,11,37.3,-26.3
143,26,2,3,136,81.7,54.3
131,31,8,2,28,32.4,-4.4
169,25,11,4,4,7.0,-3.0
12,22,3,1,81,44.1,36.9
147,24,7,3,25,18.7,6.3
169,36,2,4,16,13.9,2.1
169,33,4,4,8,15.7,-7.7
15,28,8,4,16,56.5,-40.5
171,24,1,3,16,35.2,-19.2
92,19,0,0,29,33.5,-4.5
76,26,8,2,213,248.6,-35.6
12,26,7,2,35,44.3,-9.3
71,26,8,4,17,17.0,-0.0
249,25,2,0,8,15.2,-7.2
171,30,1,1,7,30.7,-23.7
107,33,2,3,35,52.8,-17.8
110,33,5,4,7,32.5,-25.5
268,20,4,0,19,18.5,0.5
217,21,11,0,141,68.5,72.5
53,28,3,2,15,29.5,-14.5
84,22,8,0,4,36.3,-32.3
109,31,12,3,44,36.2,7.8
107,26,1,3,67,47.4,19.6
22,20,12,3,65,100.7,-35.7
12,24,2,3,50,52.4,-2.4
143,27,2,3,6,117.9,-111.9
107,23,7,3,35,54.1,-19.1
107,21,2,2,54,38.7,15.3
120,23,7,3,22,11.7,10.3
92,28,4,0,26,25.7,0.3
120,27,8,3,7,11.4,-4.4
237,27,4,0,13,32.7,-19.7
145,22,2,2,26,23.4,2.6
225,28,7,3,63,31.7,31.3
9,31,12,1,24,17.1,6.9
143,20,4,1,37,60.3,-23.3
143,30,12,0,278,54.6,223.4
54,24,12,4,21,34.3,-13.3
53,21,12,2,57,34.8,22.2
14,22,2,4,14,10.6,3.4
133,20,4,4,73,43.6,29.4
107,22,2,2,34,38.2,-4.2
143,29,12,0,123,55.2,67.8
107,28,4,0,13,33.7,-20.7
55,28,13,4,24,14.6,9.4
10,19,1,3,6,49.1,-43.1
111,26,0,4,11,22.1,-11.1
241,25,4,4,17,30.4,-13.4
79,26,3,0,8,34.6,-26.6
150,25,1,0,68,42.9,25.1
120,26,5,3,8,14.5,-6.5
10,30,2,3,10,30.6,-20.6
107,34,12,3,64,39.5,24.5
209,26,5,3,18,71.6,-53.6
92,24,2,2,38,25.0,13.0
209,24,2,0,24,41.7,-17.7
92,26,2,0,8,32.3,-24.3
236,22,8,0,50,71.6,-21.6
268,28,12,0,5,14.4,-9.4
111,23,2,2,8,16.6,-8.6
12,27,2,3,9,60.9,-51.9
260,33,3,0,32,16.2,15.8
95,34,12,2,15,12.4,2.6
268,23,1,4,11,19.4,-8.4
227,31,11,4,4,20.0,-16.0
171,20,7,0,36,39.1,-3.1
16,34,4,4,87,23.3,63.7
131,30,1,2,16,35.0,-19.0
257,33,5,4,4,10.0,-6.0
268,22,2,4,30,25.0,5.0
92,29,8,0,7,25.9,-18.9
71,32,2,0,15,23.6,-8.6
176,28,1,4,8,65.1,-57.1
107,23,4,4,26,41.9,-15.9
143,20,2,2,7,47.9,-40.9
171,30,7,1,61,30.9,30.1
260,33,12,0,5,14.8,-9.8
214,26,4,1,13,15.0,-2.0
22,34,2,2,22,49.2,-27.2
10,23,8,2,11,26.9,-15.9
12,22,7,2,29,29.5,-0.5
149,23,2,3,13,43.9,-30.9
236,19,0,4,35,41.0,-6.0
209,28,8,3,17,42.2,-25.2
107,24,12,3,23,48.0,-25.0
147,33,12,2,11,15.9,-4.9
14,24,5,4,12,33.2,-21.2
146,28,5,3,214,162.3,51.7
143,26,1,4,4,48.8,-44.8
10,31,2,4,80,17.9,62.1
71,24,2,0,26,15.3,10.7
53,22,4,2,7,28.1,-21.1
169,38,5,2,6,42.3,-36.3
10,29,2,0,36,24.5,11.5
145,19,2,2,7,29.8,-22.8
71,21,12,4,25,23.0,2.0
91,23,2,2,29,34.5,-5.5
120,20,8,0,26,9.6,16.4
12,26,1,3,6,44.2,-38.2
179,29,12,1,3,31.6,-28.6
268,29,2,0,36,15.5,20.5
71,22,13,1,7,0.0,7.0
107,22,4,0,114,47.9,66.1
225,23,11,0,7,18.4,-11.4
71,27,1,4,21,12.7,8.3
100,32,2,3,39,40.5,-1.5
261,19,2,0,42,12.6,29.4
241,28,7,3,13,32.1,-19.1
268,34,7,4,9,27.9,-18.9
107,27,3,3,26,48.9,-22.9
118,21,4,2,366,25.2,340.8
107,29,5,4,24,35.7,-11.7
120,20,7,0,7,7.7,-0.7
6,29,5,2,190,95.1,94.9
16,33,11,1,53,46.5,6.5
120,21,7,0,7,9.0,-2.0
252,35,1,3,8,16.3,-8.3
120,27,4,0,6,14.2,-8.2
214,26,2,1,7,11.6,-4.6
120,38,4,3,10,-1.5,11.5
71,33,1,4,8,13.9,-5.9
71,23,5,0,14,14.5,-0.5
45,20,1,0,111,39.0,72.0
95,21,12,4,62,42.5,19.5
166,19,1,3,108,89.9,18.1
207,25,1,1,9,33.5,-24.5
257,22,13,4,10,14.2,-4.2
149,25,7,3,14,43.2,-29.2
53,26,11,1,22,29.8,-7.8
17,23,4,2,25,38.1,-13.1
71,24,2,4,22,15.4,6.6
100,29,1,3,7,25.2,-18.2
71,31,8,4,11,15.6,-4.6
268,20,11,1,14,14.7,-0.7
71,22,7,2,8,9.4,-1.4
107,28,7,1,31,29.3,1.7
107,27,3,2,10,35.1,-25.1
71,26,1,3,25,13.5,11.5
143,28,2,2,22,51.7,-29.7
71,27,0,4,13,14.5,-1.5
171,28,8,0,73,32.6,40.4
12,26,4,3,6,47.8,-41.8
200,26,5,0,3,14.9,-11.9
53,31,2,2,27,41.0,-14.0
225,22,8,3,46,44.1,1.9
15,25,7,4,21,40.8,-19.8
107,34,5,0,31,32.4,-1.4
107,25,2,4,9,38.0,-29.0
145,38,5,1,62,14.5,47.5
168,27,4,1,15,78.1,-63.1
76,24,4,2,199,258.7,-59.7
166,23,0,4,71,62.4,8.6
170,20,7,2,32,22.3,9.7
147,27,0,2,15,22.2,-7.2
107,30,8,2,11,34.3,-23.3
214,26,5,0,6,19.6,-13.6
53,30,1,4,59,31.4,27.6
71,23,2,0,8,13.8,-5.8
108,28,11,4,21,29.1,-8.1
209,18,7,0,16,85.4,-69.4
237,27,1,0,36,33.8,2.2
147,27,3,3,21,23.6,-2.6
118,23,4,0,12,37.6,-25.6
107,22,12,4,35,54.7,-19.7
14,25,8,4,8,12.4,-4.4
268,29,2,0,8,15.5,-7.5
120,23,11,3,5,7.4,-2.4
147,28,12,2,36,14.5,21.5
251,29,0,0,3,11.0,-8.0
256,26,2,0,14,19.1,-5.1
10,25,4,4,12,14.0,-2.0
71,33,0,0,7,14.6,-7.6
120,25,1,3,35,13.4,21.6
145,17,4,0,21,24.5,-3.5
120,27,2,3,8,15.8,-7.8
268,25,4,4,5,19.0,-14.0
238,30,4,1,7,30.9,-23.9
76,19,0,0,266,204.8,61.2
76,20,2,0,86,258.6,-172.6
225,30,2,4,5,21.5,-16.5
268,36,2,4,15,16.2,-1.2
171,22,2,0,50,39.3,10.7
143,27,1,4,71,67.5,3.5
92,25,11,4,6,13.1,-7.1
120,27,1,3,8,13.0,-5.0
146,28,5,0,217,102.0,115.0
53,19,7,0,7,29.2,-22.2
171,25,11,3,7,30.6,-23.6
109,20,12,4,49,41.2,7.8
71,25,4,1,8,12.4,-4.4
107,23,7,3,21,54.1,-33.1
155,20,4,0,18,42.9,-24.9
171,22,7,4,23,35.0,-12.0
171,27,3,4,36,26.8,9.2
54,27,2,4,30,34.9,-4.9
71,31,11,0,12,35.0,-23.0
89,31,5,4,4,11.3,-7.3
249,31,4,3,10,18.0,-8.0
268,21,7,1,8,21.4,-13.4
12,19,0,4,30,51.1,-21.1
131,35,1,2,30,18.7,11.3
268,20,11,0,3,16.6,-13.6
200,35,5,4,4,8.0,-4.0
264,27,8,0,15,12.6,2.4
145,28,1,4,7,18.7,-11.7
54,23,2,4,13,40.3,-27.3
71,35,4,4,9,16.1,-7.1
71,27,12,3,34,10.6,23.4
228,23,0,4,5,21.4,-16.4
171,30,4,2,4,30.4,-26.4
143,21,4,1,23,62.4,-39.4
199,20,8,3,9,11.8,-2.8
262,26,3,0,25,8.8,16.2
67,21,2,2,32,30.0,2.0
71,21,7,0,18,10.8,7.2
70,22,4,4,8,15.3,-7.3
268,26,3,0,14,15.9,-1.9
12,32,2,0,73,52.8,20.2
23,33,2,0,33,44.2,-11.2
225,28,7,0,63,16.7,46.3
209,22,2,1,89,42.5,46.5
236,30,8,0,42,47.7,-5.7
225,35,1,4,10,18.0,-8.0
169,22,4,4,11,15.6,-4.6
147,31,2,3,172,19.8,152.2
237,34,1,0,15,28.8,-13.8
12,29,0,2,31,35.4,-4.4
143,31,1,2,12,46.5,-34.5
169,35,2,4,15,13.4,1.6
12,24,4,3,60,44.8,15.2
107,25,1,0,51,38.6,12.4
192,26,3,3,70,70.9,-0.9
268,31,4,0,6,18.3,-12.3
12,26,2,0,87,50.2,36.8
108,25,0,4,45,27.6,17.4
145,19,11,3,24,74.0,-50.0
116,29,1,1,28,19.2,8.8
90,27,5,3,40,47.8,-7.8
120,24,2,1,11,8.8,2.2
37,29,8,3,23,87.3,-64.3
12,30,4,1,15,35.3,-20.3
79,22,2,2,12,29.9,-17.9
102,33,0,3,17,25.8,-8.8
171,29,4,1,9,29.2,-20.2
107,32,12,2,6,28.5,-22.5
120,30,1,0,6,8.6,-2.6
4,27,0,4,53,97.1,-44.1
9,24,2,4,23,27.1,-4.1
129,29,4,4,62,30.2,31.8
108,25,7,4,50,35.3,14.7
143,22,6,3,59,72.4,-13.4
268,21,5,1,8,21.8,-13.8
200,23,0,4,7,9.5,-2.5
131,30,7,2,21,28.9,-7.9
71,33,1,4,11,13.9,-2.9
92,26,4,0,11,29.7,-18.7
71,26,7,0,26,16.4,9.6
100,26,4,3,24,36.4,-12.4
146,27,4,4,220,175.6,44.4
272,35,2,1,8,7.0,1.0
143,21,3,2,90,53.4,36.6
120,33,0,0,12,12.9,-0.9
96,25,4,4,77,42.3,34.7
55,29,5,4,3,25.6,-22.6
171,35,5,0,15,26.9,-11.9
107,29,4,3,29,40.5,-11.5
181,17,4,1,61,84.4,-23.4
9,25,7,2,10,54.9,-44.9
107,21,11,3,177,67.9,109.1
108,28,1,4,33,30.4,2.6
169,31,8,4,8,15.6,-7.6
10,19,1,4,15,26.1,-11.1
260,25,12,0,11,15.2,-4.2
120,20,0,4,7,14.0,-7.0
262,21,1,0,9,9.5,-0.5
53,23,6,4,23,34.4,-11.4
22,27,1,4,3,22.4,-19.4
10,28,11,4,6,16.5,-10.5
92,26,12,0,83,21.4,61.6
100,32,3,3,18,40.6,-22.6
143,24,2,3,6,71.0,-65.0
79,30,1,2,17,22.6,-5.6
14,23,4,4,16,14.1,1.9
71,21,2,2,9,11.1,-2.1
171,28,4,2,17,29.5,-12.5
155,23,11,4,18,13.0,5.0
4,37,2,4,15,62.0,-47.0
146,29,2,2,87,102.2,-15.2
172,30,3,1,25,23.0,2.0
12,23,2,2,8,38.6,-30.6
111,21,8,3,11,21.7,-10.7
107,22,2,1,32,38.0,-6.0
143,34,2,0,9,81.3,-72.3
143,30,4,0,49,62.3,-13.3
143,23,2,3,79,78.9,0.1
161,23,11,2,48,51.6,-3.6
107,24,2,0,19,38.4,-19.4
215,25,0,2,9,31.0,-22.0
116,23,6,4,12,30.9,-18.9
35,25,5,0,56,72.5,-16.5
147,21,13,1,4,11.7,-7.7
107,34,2,4,15,33.8,-18.8
209,20,7,0,38,51.1,-13.1
79,29,1,2,22,21.7,0.3
199,21,7,1,8,9.1,-1.1
247,19,1,2,27,31.6,-4.6
147,31,1,0,4,17.3,-13.3
234,17,0,0,143,49.4,93.6
71,22,6,0,15,14.6,0.4
107,26,12,3,45,44.9,0.1
9,25,4,4,26,27.9,-1.9
107,30,5,2,18,35.0,-17.0
171,36,8,4,31,23.7,7.3
228,27,11,0,48,25.4,22.6
76,26,2,1,214,246.8,-32.8
261,28,2,4,4,11.5,-7.5
103,28,4,3,43,59.8,-16.8
65,26,5,4,58,38.3,19.7
79,25,3,2,11,27.3,-16.3
171,26,3,3,4,38.0,-34.0
71,28,2,0,11,14.2,-3.2
145,21,7,0,113,24.1,88.9
270,27,12,2,5,21.0,-16.0
174,31,12,1,4,41.8,-37.8
107,22,7,4,21,43.9,-22.9
174,30,7,0,15,38.3,-23.3
107,28,2,1,21,31.5,-10.5
218,23,11,0,110,60.3,49.7
237,30,2,4,49,30.1,18.9
268,26,12,0,28,19.6,8.4
92,30,0,0,15,22.0,-7.0
107,28,1,4,33,30.5,2.5
171,28,7,0,86,31.6,54.4
53,27,7,0,26,30.5,-4.5
147,24,0,3,3,7.1,-4.1
241,23,2,0,3,33.5,-30.5
71,30,12,2,12,6.5,5.5
143,26,4,3,63,82.7,-19.7
147,26,4,4,32,24.0,8.0
89,37,2,4,4,3.8,0.2
122,31,7,0,106,8.6,97.4
15,28,1,4,20,26.3,-6.3
12,21,0,1,21,30.2,-9.2
145,25,3,4,50,18.5,31.5
246,33,5,3,11,37.6,-26.6
109,28,7,3,29,28.5,0.5
268,31,1,4,19,26.9,-7.9
22,22,2,3,97,48.4,48.6
71,23,4,2,12,9.8,2.2
268,26,11,4,8,19.0,-11.0
237,33,0,0,62,43.1,18.9
71,26,2,2,13,11.0,2.0
116,27,0,4,13,27.9,-14.9
107,21,0,1,54,34.8,19.2
120,21,2,2,3,9.8,-6.8
71,28,5,2,11,13.0,-2.0
71,30,8,4,22,15.5,6.5
143,26,4,3,61,82.7,-21.7
71,25,3,4,15,13.4,1.6
107,28,11,3,82,44.2,37.8
126,30,12,1,118,39.5,78.5
145,29,12,4,7,15.6,-8.6
171,31,4,4,27,26.5,0.5
171,27,2,1,27,35.3,-8.3
89,24,8,1,9,8.1,0.9
92,25,4,4,16,17.3,-1.3
112,32,1,2,19,25.2,-6.2
120,21,7,1,4,8.3,-4.3
274,25,3,4,78,36.4,41.6
53,28,2,2,36,32.5,3.5
107,30,7,1,31,32.0,-1.0
71,32,7,4,6,8.6,-2.6
79,27,3,4,13,13.6,-0.6
147,31,2,3,10,19.8,-9.8
169,29,4,3,9,28.5,-19.5
266,28,4,1,5,9.2,-4.2
107,23,0,4,18,30.7,-12.7
189,20,4,4,356,47.0,309.0
71,25,1,2,8,10.9,-2.9
14,23,0,4,7,5.9,1.1
143,24,4,2,24,52.1,-28.1
172,29,1,1,37,25.2,11.8
118,26,11,4,4,33.3,-29.3
65,26,12,3,71,35.0,36.0
171,25,8,0,19,34.6,-15.6
268,31,7,1,15,18.4,-3.4
23,30,4,4,9,13.9,-4.9
258,22,1,4,38,25.3,12.7
107,35,7,3,11,37.6,-26.6
147,24,4,0,5,20.4,-15.4
1,27,2,2,4,37.7,-33.7
209,25,4,4,6,20.0,-14.0
107,29,11,2,24,32.2,-8.2
198,32,1,1,57,54.7,2.3
23,23,0,0,4,15.6,-11.6
12,25,4,3,5,48.0,-43.0
144,28,4,2,51,50.2,0.8
107,19,4,0,65,56.3,8.7
120,26,3,0,15,7.6,7.4
53,33,1,4,64,36.5,27.5
107,31,12,1,64,32.1,31.9
268,30,4,3,22,23.2,-1.2
53,34,2,1,19,42.0,-23.0
71,28,1,0,8,11.4,-3.4
200,25,7,4,3,12.1,-9.1
225,21,8,0,8,26.2,-18.2
120,30,3,0,6,5.6,0.4
65,33,3,3,24,47.2,-23.2
107,27,11,3,30,46.6,-16.6
71,28,8,3,22,16.6,5.4
71,28,4,2,8,11.3,-3.3
268,26,0,0,22,21.8,0.2
53,28,8,4,29,31.5,-2.5
12,32,5,3,62,65.0,-3.0
95,34,2,3,41,42.6,-1.6
169,26,4,4,10,19.4,-9.4
131,26,2,2,8,35.4,-27.4
10,27,8,4,6,11.4,-5.4
171,23,7,1,48,34.1,13.9
268,31,2,4,51,23.3,27.7
119,24,7,2,13,18.4,-5.4
12,23,0,3,8,40.9,-32.9
143,18,3,0,136,108.3,27.7
107,28,4,2,11,30.2,-19.2
143,30,11,3,15,82.1,-67.1
109,19,4,0,9,35.5,-26.5
260,26,2,0,15,15.6,-0.6
171,26,0,3,32,34.4,-2.4
5,27,2,2,7,221.0,-214.0
89,28,12,4,5,4.4,0.6
107,20,3,3,132,63.5,68.5
107,25,7,3,28,57.7,-29.7
107,20,5,0,154,51.1,102.9
71,25,3,0,13,11.1,1.9
181,20,1,2,249,138.2,110.8
268,23,3,1,43,15.5,27.5
92,26,2,0,7,32.3,-25.3
268,26,13,4,6,17.1,-11.1
163,21,1,2,60,68.7,-8.7
225,21,8,0,28,26.2,1.8
268,28,1,4,29,15.8,13.2
171,25,4,1,48,32.5,15.5
171,24,3,2,8,26.7,-18.7
55,25,2,3,11,36.6,-25.6
268,27,3,4,21,19.1,1.9
143,19,4,2,12,65.9,-53.9
71,22,2,4,12,16.4,-4.4
73,28,1,0,87,212.7,-125.7
241,22,1,3,36,43.8,-7.8
259,34,4,1,46,22.8,23.2
147,30,12,3,50,15.6,34.4
120,27,12,0,14,6.5,7.5
169,32,1,4,21,17.6,3.4
163,33,11,0,46,56.1,-10.1
274,36,5,0,264,37.7,226.3
15,22,2,1,20,34.9,-14.9
171,22,4,1,25,36.3,-11.3
107,21,12,3,31,84.5,-53.5
149,21,3,3,11,46.1,-35.1
10,27,3,4,5,8.9,-3.9
131,22,2,2,12,45.9,-33.9
12,21,2,4,12,23.2,-11.2
145,31,12,0,11,20.1,-9.1
200,23,2,4,3,10.6,-7.6
107,30,1,2,15,31.2,-16.2
79,25,1,2,8,25.3,-17.3
76,22,8,0,203,270.4,-67.4
3,32,8,2,24,14.3,9.7
268,19,12,0,43,19.2,23.8
73,30,8,2,124,246.5,-122.5
268,30,0,3,11,42.7,-31.7
71,22,4,3,8,15.0,-7.0
166,18,8,0,98,124.8,-26.8
107,28,12,0,5,30.1,-25.1
22,24,11,2,7,21.7,-14.7
107,28,11,3,62,44.2,17.8
143,28,11,3,47,77.9,-30.9
146,33,8,0,716,184.3,531.7
120,30,4,0,3,12.1,-9.1
207,24,11,0,11,50.8,-39.8
53,29,4,4,58,29.1,28.9
223,30,0,1,14,83.7,-69.7
92,21,4,4,120,12.5,107.5
132,24,10,4,75,28.0,47.0
10,24,2,4,5,13.8,-8.8
119,27,2,0,7,22.2,-15.2
95,30,11,1,4,30.0,-26.0
107,28,3,0,24,28.3,-4.3
71,21,2,0,50,15.4,34.6
169,29,7,4,14,12.1,1.9
92,24,12,4,31,10.5,20.5
260,26,5,1,11,20.3,-9.3
12,33,1,3,32,41.7,-9.7
54,30,12,4,33,30.8,2.2
71,25,7,4,23,15.7,7.3
145,22,4,4,12,21.2,-9.2
71,27,2,0,12,14.1,-2.1
166,23,1,4,88,66.0,22.0
207,34,4,2,62,22.9,39.1
107,19,11,3,6,189.2,-183.2
220,31,4,0,12,71.9,-59.9
34,29,1,1,50,69.3,-19.3
16,24,2,4,112,30.4,81.6
237,26,2,0,26,32.9,-6.9
55,29,8,0,18,35.0,-17.0
107,22,6,4,6,46.8,-40.8
10,33,4,4,12,13.1,-1.1
107,33,3,1,35,31.5,3.5
76,20,7,0,187,269.4,-82.4
53,22,12,3,29,56.1,-27.1
23,32,2,4,16,23.1,-7.1
216,25,6,4,3,24.0,-21.0
15,29,3,1,5,74.6,-69.6
10,26,11,2,6,19.7,-13.7
107,34,12,3,21,39.5,-18.5
71,30,4,4,23,12.9,10.1
145,29,1,3,18,32.7,-14.7
171,36,5,2,5,28.2,-23.2
79,25,10,2,48,33.7,14.3
79,32,11,2,27,25.6,1.4
145,23,2,3,29,43.5,-14.5
266,25,11,2,9,10.0,-1.0
14,23,2,4,13,9.9,3.1
274,24,8,3,178,63.9,114.1
145,24,0,2,9,14.4,-5.4
107,26,5,4,13,46.2,-33.2
10,26,0,4,5,12.3,-7.3
171,27,11,4,44,24.8,19.2
71,27,7,0,15,11.0,4.0
117,26,0,0,16,23.9,-7.9
83,30,5,1,23,32.1,-9.1
121,34,0,0,57,3.6,53.4
120,30,8,3,4,12.7,-8.7
169,25,12,4,9,6.6,2.4
118,24,0,3,73,26.1,46.9
143,25,4,2,144,53.8,90.2
196,28,8,2,77,42.2,34.8
107,21,7,3,25,60.8,-35.8
118,34,4,4,12,25.5,-13.5
107,33,1,1,11,33.9,-22.9
145,23,7,2,11,23.6,-12.6
147,30,12,2,12,15.2,-3.2
107,25,2,1,11,37.6,-26.6
171,20,12,4,42,32.6,9.4
120,37,5,0,8,5.3,2.7
120,26,12,0,4,5.4,-1.4
76,20,4,4,222,162.1,59.9
12,24,12,3,30,42.5,-12.5
100,22,12,1,53,37.3,15.7
147,27,12,2,9,21.8,-12.8
191,25,12,0,9,52.6,-43.6
145,23,8,3,16,31.1,-15.1
9,26,2,4,19,28.6,-9.6
270,32,1,1,7,15.4,-8.4
55,29,12,4,27,19.7,7.3
203,28,3,4,4,6.5,-2.5
71,28,2,1,7,12.8,-5.8
169,26,2,4,5,14.9,-9.9
100,28,7,3,30,22.0,8.0
169,26,4,4,15,19.4,-4.4
76,20,2,1,267,234.5,32.5
41,26,1,4,9,41.9,-32.9
199,25,2,4,4,7.9,-3.9
268,26,3,4,13,18.4,-5.4
169,37,1,1,6,20.8,-14.8
163,34,2,1,52,50.4,1.6
71,21,8,0,11,12.9,-1.9
255,23,12,0,84,17.6,66.4
107,30,4,3,40,46.8,-6.8
179,23,8,4,15,37.4,-22.4
209,21,8,3,41,59.8,-18.8
155,22,6,4,13,22.1,-9.1
107,23,7,1,18,39.0,-21.0
120,26,11,0,8,4.9,3.1
22,26,2,3,10,37.4,-27.4
268,20,2,1,19,20.8,-1.8
143,27,3,2,310,80.1,229.9
171,31,2,1,26,32.0,-6.0
163,32,5,1,28,58.5,-30.5
169,33,7,4,5,13.5,-8.5
84,20,12,2,7,34.9,-27.9
79,26,4,2,5,34.0,-29.0
248,28,1,4,5,19.2,-14.2
268,29,12,0,49,13.9,35.1
268,28,1,4,15,15.8,-0.8
55,36,4,4,8,28.5,-20.5
71,35,3,4,18,13.4,4.6
46,20,4,1,3,54.1,-51.1
171,22,1,1,28,34.7,-6.7
268,28,12,1,31,18.9,12.1
130,25,6,4,11,34.5,-23.5
22,27,1,0,5,34.5,-29.5
57,30,1,0,20,42.2,-22.2
67,32,2,4,27,37.0,-10.0
53,31,12,1,29,34.6,-5.6
201,29,8,0,8,12.4,-4.4
143,28,7,2,159,55.5,103.5
55,25,4,4,20,28.2,-8.2
241,22,10,1,5,48.3,-43.3
107,26,1,4,54,35.8,18.2
147,27,2,3,11,26.0,-15.0
268,21,8,3,8,23.7,-15.7
169,23,0,4,10,9.5,0.5
145,23,6,4,80,28.8,51.2
107,20,12,1,12,52.8,-40.8
95,20,7,1,50,38.6,11.4
71,27,3,4,8,12.4,-4.4
107,27,2,3,38,50.9,-12.9
251,33,7,0,7,7.4,-0.4
268,36,2,2,16,19.5,-3.5
89,27,2,4,3,0.3,2.7
161,29,4,4,36,56.1,-20.1
143,26,1,2,20,47.0,-27.0
131,24,11,2,96,25.8,70.2
237,29,4,0,18,28.5,-10.5
12,32,2,4,14,27.8,-13.8
14,29,0,0,5,17.3,-12.3
92,23,8,0,21,23.3,-2.3
103,22,0,3,122,78.3,43.7
268,21,3,4,37,29.8,7.2
171,25,1,1,15,30.2,-15.2
181,26,1,0,92,162.1,-70.1
268,35,1,0,43,11.9,31.1
268,37,2,4,7,15.8,-8.8
262,18,0,4,12,19.8,-7.8
268,33,3,4,127,19.1,107.9
111,20,5,0,10,23.1,-13.1
107,22,11,3,61,60.6,0.4
200,31,1,1,8,11.9,-3.9
108,22,0,4,7,68.2,-61.2
10,32,4,4,21,13.7,7.3
147,31,4,3,10,16.0,-6.0
4,36,10,4,6,37.2,-31.2
268,29,7,1,15,18.6,-3.6
171,30,4,3,25,35.8,-10.8
228,21,1,4,7,35.4,-28.4
126,20,1,4,7,39.5,-32.5
107,24,11,1,14,31.7,-17.7
10,25,2,0,4,23.6,-19.6
12,25,1,3,20,49.9,-29.9
171,26,1,1,29,33.0,-4.0
174,30,2,1,9,27.4,-18.4
71,32,2,3,4,25.7,-21.7
71,32,5,1,16,12.4,3.6
171,27,7,1,30,34.7,-4.7
252,26,1,3,13,22.2,-9.2
268,28,1,0,6,12.0,-6.0
9,29,12,2,24,12.0,12.0
71,22,4,3,20,15.0,5.0
241,29,2,3,17,40.3,-23.3
120,26,4,0,6,17.0,-11.0
133,31,1,0,10,55.5,-45.5
200,21,4,1,2,9.0,-7.0
225,21,1,4,8,38.5,-30.5
76,33,2,4,183,229.8,-46.8
274,19,1,0,65,48.7,16.3
150,27,4,0,25,53.4,-28.4
237,23,12,0,20,34.3,-14.3
233,23,1,0,19,32.3,-13.3
30,19,12,0,144,123.9,20.1
206,22,0,4,3,15.0,-12.0
146,29,5,3,47,161.7,-114.7
71,27,11,4,10,13.2,-3.2
214,26,0,4,3,8.4,-5.4
3,30,2,2,47,64.1,-17.1
8,30,0,0,15,48.7,-33.7
23,28,2,1,20,24.7,-4.7
95,25,4,0,40,47.3,-7.3
100,31,12,2,25,25.0,0.0
143,26,5,4,8,62.6,-54.6
120,24,7,3,3,11.5,-8.5
131,24,12,2,33,26.5,6.5
71,29,2,0,16,11.4,4.6
209,35,5,0,42,34.5,7.5
113,28,7,3,12,25.5,-13.5
143,24,4,0,25,71.1,-46.1
107,32,1,3,25,49.0,-24.0
120,31,3,2,9,12.1,-3.1
107,24,1,0,68,37.8,30.2
55,27,1,0,40,28.6,11.4
143,23,1,2,26,40.9,-14.9
127,32,3,1,18,44.8,-26.8
100,29,1,2,18,20.1,-2.1
53,26,6,4,81,42.0,39.0
12,32,1,3,39,44.3,-5.3
55,29,5,2,4,31.0,-27.0
31,24,4,2,29,72.2,-43.2
10,29,1,4,27,16.7,10.3
107,30,2,0,8,36.2,-28.2
92,19,7,0,33,21.8,11.2
130,21,2,4,3,48.1,-45.1
45,31,12,0,27,27.7,-0.7
209,20,8,0,103,64.7,38.3
260,27,6,0,15,16.1,-1.1
120,29,1,3,22,8.3,13.7
173,20,4,3,87,29.8,57.2
147,23,8,2,90,19.1,70.9
10,30,2,4,5,16.0,-11.0
109,25,0,4,25,23.7,1.3
15,19,1,2,51,43.7,7.3
171,21,8,2,92,35.7,56.3
53,32,4,3,12,45.6,-33.6
107,24,12,0,134,38.6,95.4
268,23,2,4,11,18.6,-7.6
89,25,7,4,15,7.2,7.8
169,23,11,2,8,13.5,-5.5
260,29,2,0,11,26.1,-15.1
14,24,7,4,14,9.9,4.1
23,19,0,0,29,19.6,9.4
147,27,8,1,5,24.9,-19.9
92,21,4,0,15,25.0,-10.0
71,26,1,4,13,15.2,-2.2
108,28,13,4,42,25.3,16.7
268,31,4,0,19,18.3,0.7
171,28,5,0,12,31.3,-19.3
101,28,2,1,39,20.8,18.2
169,24,3,4,6,7.6,-1.6
147,23,7,3,7,19.9,-12.9
171,31,11,3,16,41.7,-25.7
145,28,1,4,95,18.7,76.3
239,26,7,1,20,40.8,-20.8
268,31,7,0,22,16.8,5.2
268,24,4,0,4,18.0,-14.0
120,26,2,0,8,12.8,-4.8
260,28,12,0,8,13.2,-5.2
71,25,2,0,8,14.5,-6.5
257,23,8,4,3,25.9,-22.9
268,30,12,1,6,19.0,-13.0
171,24,11,4,14,21.2,-7.2
268,29,0,4,11,22.9,-11.9
171,26,2,3,22,39.1,-17.1
214,29,2,1,3,10.0,-7.0
147,19,12,1,11,22.3,-11.3
107,25,2,4,46,38.0,8.0
119,21,4,2,80,17.6,62.4
225,23,13,0,8,20.5,-12.5
169,26,12,4,8,10.2,-2.2
71,36,5,2,9,17.2,-8.2
71,27,4,4,7,13.8,-6.8
268,21,2,0,10,19.0,-9.0
51,31,3,1,22,16.0,6.0
209,24,4,2,113,29.8,83.2
225,21,0,2,64,39.4,24.6
209,23,11,4,31,23.3,7.7
143,28,8,3,49,73.9,-24.9
171,22,12,3,22,38.6,-16.6
270,30,4,4,50,24.0,26.0
9,20,2,4,4,29.0,-25.0
23,35,1,1,4,16.7,-12.7
199,21,0,0,6,11.7,-5.7
209,35,13,4,66,25.8,40.2
109,28,2,3,16,33.4,-17.4
53,30,1,3,34,43.5,-9.5
131,28,4,2,62,36.8,25.2
209,20,4,0,7,43.3,-36.3
92,34,2,4,5,11.7,-6.7
79,26,4,2,8,34.0,-26.0
92,32,4,0,19,26.6,-7.6
143,27,1,3,114,90.5,23.5
131,30,3,2,39,32.0,7.0
171,29,12,1,33,31.4,1.6
118,28,2,0,9,25.1,-16.1
274,20,7,0,71,22.3,48.7
9,24,12,2,35,28.4,6.6
53,24,1,1,15,28.1,-13.1
55,28,2,0,5,33.9,-28.9
89,27,5,3,5,22.1,-17.1
12,27,0,3,75,61.2,13.8
23,27,11,4,7,14.4,-7.4
268,23,11,4,41,15.2,25.8
54,19,4,4,62,48.9,13.1
92,27,1,0,12,23.6,-11.6
239,26,5,3,168,46.3,121.7
268,29,3,4,5,22.8,-17.8
143,28,2,2,100,51.7,48.3
133,20,4,0,73,48.0,25.0
76,28,4,4,248,240.3,7.7
55,29,3,4,23,22.4,0.6
249,20,7,0,8,17.9,-9.9
261,23,5,1,5,22.8,-17.8
100,35,3,1,13,19.4,-6.4
171,26,2,2,29,32.9,-3.9
147,21,8,3,43,17.9,25.1
147,32,2,3,5,21.7,-16.7
171,36,4,1,30,28.2,1.8
209,19,1,2,23,120.2,-97.2
79,21,1,4,33,24.4,8.6
268,34,11,4,29,27.9,1.1
10,33,2,0,5,34.9,-29.9
108,29,0,4,37,30.0,7.0
71,31,7,1,6,11.0,-5.0
79,33,2,2,26,24.8,1.2
10,24,0,4,22,10.2,11.8
14,31,1,4,8,15.7,-7.7
147,20,4,3,5,14.3,-9.3
10,22,1,0,4,29.2,-25.2
76,30,4,4,196,240.4,-44.4
107,28,12,3,23,41.3,-18.3
135,25,8,0,60,48.5,11.5
71,26,1,0,12,13.2,-1.2
143,22,2,3,56,77.1,-21.1
171,25,1,4,17,25.6,-8.6
108,28,12,2,78,25.8,52.2
266,29,4,0,4,8.9,-4.9
160,26,3,0,47,39.7,7.3
268,23,2,4,10,18.6,-8.6
71,29,1,4,11,9.9,1.1
268,23,7,0,22,18.9,3.1
149,28,2,1,18,37.5,-19.5
146,22,1,4,74,144.9,-70.9
199,26,2,0,8,12.2,-4.2
14,21,0,4,8,16.1,-8.1
92,24,12,4,73,10.5,62.5
100,24,4,3,25,35.5,-10.5
268,31,4,4,13,23.5,-10.5
118,29,1,2,26,19.6,6.4
118,33,5,4,15,33.7,-18.7
12,28,4,4,6,23.3,-17.3
92,24,1,0,103,31.3,71.7
169,25,7,4,5,15.3,-10.3
92,22,1,0,26,26.8,-0.8
199,27,4,0,8,12.6,-4.6
239,27,1,1,16,36.4,-20.4
12,32,11,0,19,63.3,-44.3
71,26,5,4,20,22.6,-2.6
266,22,2,0,8,8.9,-0.9
71,24,2,0,11,15.3,-4.3
92,35,1,0,7,32.3,-25.3
53,27,2,2,7,32.1,-25.1
199,28,12,3,5,14.4,-9.4
108,21,12,1,27,35.1,-8.1
268,26,4,4,11,23.6,-12.6
23,29,1,0,6,20.8,-14.8
262,20,4,4,1,15.8,-14.8
251,25,12,0,5,5.8,-0.8
12,27,7,4,4,24.6,-20.6
92,30,0,3,26,38.0,-12.0
57,28,12,4,14,20.8,-6.8
252,27,4,0,8,17.9,-9.9
103,30,7,3,21,51.7,-30.7
14,27,2,3,52,40.6,11.4
225,23,1,2,14,36.0,-22.0
12,25,0,0,96,48.6,47.4
251,22,2,0,8,9.7,-1.7
23,27,8,0,13,25.0,-12.0
107,26,7,1,20,42.3,-22.3
107,24,3,0,28,35.1,-7.1
182,17,7,0,165,72.0,93.0
53,23,4,3,52,39.2,12.8
21,34,1,4,41,17.0,24.0
120,30,2,0,6,10.9,-4.9
251,18,4,1,5,49.6,-44.6
268,30,2,0,50,21.1,28.9
95,19,2,0,136,41.5,94.5
107,26,1,4,17,35.8,-18.8
15,22,2,2,49,37.9,11.1
225,32,12,4,6,18.1,-12.1
225,29,3,2,3,28.3,-25.3
228,29,8,0,29,25.1,3.9
12,26,0,3,20,44.3,-24.3
79,23,3,2,14,26.3,-12.3
54,30,12,4,25,30.8,-5.8
100,27,7,1,88,30.2,57.8
251,28,5,0,5,5.9,-0.9
131,29,2,0,7,46.3,-39.3
76,22,2,3,303,277.0,26.0
274,24,2,2,21,36.3,-15.3
268,33,3,4,17,19.1,-2.1
5,30,2,0,17,55.0,-38.0
120,32,1,0,4,13.9,-9.9
45,28,2,1,105,37.7,67.3
10,25,2,4,23,15.5,7.5
23,34,2,4,9,60.1,-51.1
108,28,8,4,30,27.5,2.5
57,34,11,3,39,35.2,3.8
236,33,13,0,78,44.2,33.8
249,21,0,0,5,16.4,-11.4
108,29,2,3,28,40.4,-12.4
268,36,2,4,20,16.2,3.8
100,30,2,3,25,38.9,-13.9
268,29,1,1,6,15.6,-9.6
147,33,12,2,20,15.9,4.1
147,26,3,3,27,20.7,6.3
23,21,1,0,17,18.8,-1.8
53,26,2,4,33,35.8,-2.8
107,30,7,4,33,33.0,0.0
126,31,8,1,243,46.3,196.7
71,22,2,4,12,16.4,-4.4
251,24,5,0,5,8.6,-3.6
257,23,1,0,32,15.1,16.9
92,27,12,4,12,10.5,1.5
107,21,8,3,108,71.5,36.5
268,26,4,1,7,23.5,-16.5
113,26,12,0,14,18.6,-4.6
241,20,0,2,5,42.9,-37.9
10,25,2,2,6,26.2,-20.2
92,23,11,0,11,20.4,-9.4
53,23,2,1,8,28.1,-20.1
120,29,11,0,3,6.9,-3.9
143,26,12,2,13,49.1,-36.1
268,31,1,0,30,19.2,10.8
71,26,3,4,10,13.7,-3.7
53,35,4,3,30,42.1,-12.1
145,23,4,0,6,34.4,-28.4
83,35,5,2,12,24.8,-12.8
76,23,0,1,185,317.5,-132.5
143,29,0,3,33,44.3,-11.3
171,28,8,2,8,31.0,-23.0
257,28,2,4,5,10.0,-5.0
268,27,11,4,22,17.7,4.3
12,19,1,3,88,59.9,28.1
171,22,0,1,48,33.8,14.2
171,26,0,1,13,31.8,-18.8
225,21,1,0,11,24.9,-13.9
268,23,13,3,14,18.8,-4.8
268,25,12,0,17,16.3,0.7
171,32,12,3,20,37.5,-17.5
131,19,11,2,30,34.3,-4.3
107,24,11,4,48,36.0,12.0
107,30,1,4,38,33.4,4.6
171,20,3,4,34,25.4,8.6
101,29,4,3,57,15.5,41.5
109,29,8,3,20,35.2,-15.2
76,35,3,4,246,263.9,-17.9
209,23,2,4,40,22.8,17.2
239,29,2,1,27,34.8,-7.8
108,28,2,4,66,29.0,37.0
123,29,2,4,89,14.8,74.2
147,27,7,0,5,23.4,-18.4
55,28,2,0,23,33.9,-10.9
54,34,2,4,12,37.5,-25.5
12,27,1,0,12,68.5,-56.5
241,20,7,2,21,44.0,-23.0
107,24,1,3,70,49.7,20.3
145,27,2,4,21,28.0,-7.0
120,31,3,0,7,5.6,1.4
92,24,4,0,34,26.3,7.7
120,20,11,3,5,15.7,-10.7
189,27,5,4,105,54.5,50.5
268,22,2,4,7,25.0,-18.0
9,22,1,0,19,19.3,-0.3
71,19,11,3,19,82.3,-63.3
268,31,0,0,8,30.5,-22.5
15,27,2,3,8,72.5,-64.5
120,31,2,3,4,15.4,-11.4
129,30,11,1,62,38.9,23.1
145,21,0,0,5,31.8,-26.8
82,30,4,3,27,36.3,-9.3
107,26,12,3,74,44.9,29.1
14,27,11,3,13,32.0,-19.0
145,21,0,0,7,31.8,-24.8
145,25,4,3,10,36.1,-26.1
123,23,4,4,37,20.2,16.8
71,31,4,3,24,18.5,5.5
12,29,13,0,7,23.3,-16.3
92,27,0,0,8,25.2,-17.2
268,28,1,4,22,15.8,6.2
54,27,3,2,117,36.6,80.4
53,29,4,1,90,28.8,61.2
147,23,3,1,22,13.5,8.5
12,31,2,4,19,24.1,-5.1
107,31,2,1,29,34.5,-5.5
268,34,1,4,15,20.9,-5.9
145,27,2,2,66,33.0,33.0
10,25,7,2,26,21.2,4.8
120,22,8,0,3,9.0,-6.0
120,26,8,3,14,11.8,2.2
143,28,11,3,48,77.9,-29.9
120,29,3,0,14,4.4,9.6
71,36,5,4,11,17.3,-6.3
71,25,4,4,57,15.7,41.3
262,31,11,0,8,16.1,-8.1
92,30,3,0,11,21.3,-10.3
25,32,4,0,7,31.1,-24.1
145,33,1,0,81,28.8,52.2
53,22,0,3,22,44.4,-22.4
226,27,2,3,32,43.0,-11.0
143,30,2,3,53,75.7,-22.7
9,21,7,4,24,84.1,-60.1
236,19,0,0,35,53.2,-18.2
71,21,11,1,8,9.4,-1.4
79,36,1,2,39,19.1,19.9
12,21,2,4,33,23.2,9.8
108,31,2,4,32,30.6,1.4
107,32,4,3,32,47.3,-15.3
71,31,13,0,15,12.5,2.5
107,34,4,1,13,27.6,-14.6
216,31,12,4,24,29.8,-5.8
107,25,2,2,46,37.4,8.6
71,29,11,1,13,12.2,0.8
257,27,12,0,9,15.7,-6.7
71,27,1,4,18,12.7,5.3
89,21,4,4,5,7.6,-2.6
53,35,4,2,9,30.8,-21.8
92,30,2,4,3,14.9,-11.9
107,21,11,2,15,36.1,-21.1
120,31,4,0,4,12.1,-8.1
116,29,2,1,6,19.5,-13.5
107,24,0,1,24,29.5,-5.5
268,28,2,1,7,16.1,-9.1
171,27,4,0,31,36.2,-5.2
79,28,4,2,45,26.8,18.2
107,23,13,4,44,35.4,8.6
14,23,1,4,4,10.1,-6.1
150,24,2,4,299,23.8,275.2
75,24,8,4,246,224.6,21.4
53,29,4,1,90,28.8,61.2
169,29,0,4,8,16.3,-8.3
145,24,1,1,12,23.5,-11.5
262,29,6,0,7,7.7,-0.7
209,30,2,0,62,44.6,17.4
119,19,0,4,59,15.5,43.5
268,22,1,4,15,25.5,-10.5
12,18,1,1,31,30.7,0.3
16,24,0,2,62,35.4,26.6
268,26,4,4,7,23.6,-16.6
268,22,2,0,20,18.2,1.8
120,33,2,3,4,21.0,-17.0
92,28,7,4,8,9.9,-1.9
268,32,7,0,10,16.3,-6.3
241,20,8,2,27,44.8,-17.8
119,24,2,0,13,23.4,-10.4
107,26,4,3,68,51.8,16.2
16,29,0,2,10,59.6,-49.6
89,25,8,3,3,22.1,-19.1
143,20,3,3,132,72.1,59.9
244,30,5,0,51,22.9,28.1
107,26,5,0,36,47.7,-11.7
9,34,10,4,12,11.8,0.2
169,24,3,4,5,7.6,-2.6
257,33,10,4,4,7.5,-3.5
52,38,5,0,32,12.2,19.8
225,27,7,3,8,38.8,-30.8
71,29,2,4,17,10.5,6.5
107,27,2,3,43,50.9,-7.9
107,30,0,2,16,31.2,-15.2
107,20,2,2,54,38.7,15.3
200,31,5,0,1,10.8,-9.8
138,21,10,4,6,9.8,-3.8
196,27,7,4,14,41.6,-27.6
178,25,4,0,20,56.8,-36.8
14,25,8,3,17,38.1,-21.1
14,24,4,0,22,31.0,-9.0
171,25,4,2,13,32.8,-19.8
143,21,7,2,32,51.9,-19.9
5,28,2,1,56,162.3,-106.3
53,25,1,1,12,29.2,-17.2
225,23,4,0,8,23.2,-15.2
200,28,8,4,4,5.6,-1.6
71,29,4,1,15,9.2,5.8
143,33,12,1,62,60.7,1.3
12,22,4,4,8,23.7,-15.7
22,33,7,3,75,49.2,25.8
71,27,5,0,8,14.7,-6.7
53,34,3,2,11,33.3,-22.3
268,20,8,4,84,30.8,53.2
77,20,4,2,45,241.8,-196.8
268,36,11,4,11,13.1,-2.1
71,22,0,4,9,19.6,-10.6
171,26,1,4,5,28.0,-23.0
145,29,0,4,10,14.5,-4.5
107,33,4,4,7,35.2,-28.2
171,32,5,4,26,27.1,-1.1
9,35,8,4,24,17.3,6.7
268,20,0,0,15,32.0,-17.0
109,31,2,3,126,38.0,88.0
100,30,4,2,38,24.6,13.4
100,25,5,3,47,48.3,-1.3
209,29,1,3,33,37.7,-4.7
251,29,1,0,4,9.5,-5.5
92,22,10,4,10,7.3,2.7
118,27,2,3,19,35.7,-16.7
268,23,12,4,11,17.4,-6.4
71,24,3,3,11,16.6,-5.6
169,34,7,4,11,11.2,-0.2
41,18,2,0,5,44.6,-39.6
57,26,2,3,30,31.8,-1.8
34,27,2,4,42,61.9,-19.9
268,21,6,0,8,18.5,-10.5
145,24,8,0,12,22.4,-10.4
107,27,8,1,38,39.3,-1.3
71,34,5,4,18,13.1,4.9
107,28,12,0,28,30.1,-2.1
103,26,2,3,88,68.8,19.2
12,28,2,3,87,47.2,39.8
31,29,2,4,24,55.6,-31.6
12,24,13,1,21,18.9,2.1
13,22,2,3,23,47.5,-24.5
12,28,8,1,51,51.4,-0.4
79,27,3,3,6,29.7,-23.7
268,30,12,0,6,14.9,-8.9
268,26,4,2,29,24.5,4.5
234,27,4,0,34,44.3,-10.3
268,25,4,4,6,19.0,-13.0
268,21,8,0,23,18.6,4.4
268,36,1,1,15,8.0,7.0
147,30,8,3,22,19.6,2.4
247,21,1,0,16,30.4,-14.4
268,26,2,0,19,19.4,-0.4
268,19,0,0,7,28.1,-21.1
268,22,4,0,8,19.9,-11.9
225,25,3,3,30,36.2,-6.2
12,21,2,4,9,23.2,-14.2
225,28,1,0,6,17.9,-11.9
171,17,7,0,3,74.8,-71.8
120,23,0,0,5,6.5,-1.5
171,31,12,1,17,33.9,-16.9
246,20,4,2,5,24.9,-19.9
107,22,2,0,74,42.5,31.5
79,28,4,1,45,27.0,18.0
268,30,2,4,70,24.1,45.9
143,29,7,0,29,65.6,-36.6
95,20,1,0,74,34.6,39.4
79,24,3,3,13,33.5,-20.5
199,21,8,0,6,10.2,-4.2
71,22,11,3,15,22.6,-7.6
171,26,1,0,72,36.3,35.7
120,27,4,3,7,9.8,-2.8
111,32,2,2,12,22.8,-10.8
107,20,7,3,110,61.8,48.2
268,24,12,4,8,15.3,-7.3
84,30,3,0,39,29.1,9.9
107,31,4,0,60,35.7,24.3
268,35,8,4,31,12.7,18.3
12,21,2,4,8,23.2,-15.2
71,23,2,2,14,10.9,3.1
107,29,3,2,32,29.5,2.5
107,34,11,4,20,29.9,-9.9
268,31,4,4,25,23.5,1.5
169,26,2,4,7,14.9,-7.9
133,31,8,1,34,55.6,-21.6
145,19,7,4,7,4.0,3.0
76,21,2,1,213,234.9,-21.9
120,31,7,3,3,7.0,-4.0
71,33,4,1,11,12.3,-1.3
247,21,0,1,22,29.1,-7.1
22,22,0,3,148,43.2,104.8
107,25,2,3,6,52.3,-46.3
12,22,1,4,13,22.6,-9.6
14,35,4,4,5,13.3,-8.3
76,28,8,1,195,249.8,-54.8
171,24,7,2,60,31.6,28.4
71,26,12,4,20,13.6,6.4
92,28,2,0,4,26.1,-22.1
120,24,4,0,4,13.3,-9.3
15,28,12,4,21,35.3,-14.3
12,19,12,0,16,99.4,-83.4
147,23,3,3,6,17.6,-11.6
108,37,10,4,21,19.0,2.0
53,26,8,3,47,43.9,3.1
169,32,2,4,30,16.7,13.3
147,33,1,0,12,36.7,-24.7
249,30,2,0,9,20.8,-11.8
132,28,11,0,64,46.6,17.4
71,25,12,1,6,7.6,-1.6
107,26,2,0,41,38.2,2.8
169,33,0,4,5,19.4,-14.4
171,29,0,2,21,31.9,-10.9
4,21,0,4,26,66.6,-40.6
10,22,4,4,11,19.2,-8.2
103,26,4,3,75,71.5,3.5
37,37,5,1,152,77.4,74.6
237,31,4,0,35,29.1,5.9
14,30,1,4,7,42.3,-35.3
225,24,2,0,9,17.6,-8.6
146,25,8,3,99,258.4,-159.4
131,20,11,4,5,38.9,-33.9
57,28,0,3,17,32.0,-15.0
57,30,1,1,20,35.1,-15.1
188,23,8,0,162,47.2,114.8
120,28,0,0,3,6.1,-3.1
143,31,3,3,9,78.6,-69.6
147,28,1,4,6,12.7,-6.7
268,31,3,4,20,20.8,-0.8
268,31,8,4,21,16.5,4.5
107,27,6,0,12,44.4,-32.4
12,34,1,3,14,32.3,-18.3
171,19,2,3,24,35.6,-11.6
266,26,2,0,8,10.7,-2.7
215,25,0,2,22,31.0,-9.0
9,27,2,1,19,48.4,-29.4
145,29,7,4,16,14.6,1.4
100,28,0,3,22,25.6,-3.6
113,22,8,3,4,23.0,-19.0
171,29,2,0,22,32.6,-10.6
133,30,3,0,26,49.1,-23.1
23,32,4,0,11,31.1,-20.1
92,22,11,0,30,16.1,13.9
101,30,1,3,4,29.0,-25.0
214,29,0,0,10,13.9,-3.9
119,27,2,0,23,22.2,0.8
92,26,2,0,17,32.3,-15.3
107,27,4,3,27,47.0,-20.0
9,30,12,0,15,17.7,-2.7
108,33,3,4,65,27.6,37.4
9,29,11,4,41,26.2,14.8
71,32,5,4,10,14.1,-4.1
268,27,11,4,31,17.7,13.3
192,30,0,2,11,57.7,-46.7
171,23,10,0,24,27.4,-3.4
33,31,7,1,98,73.4,24.6
107,28,7,3,27,38.6,-11.6
145,28,7,4,5,13.3,-8.3
71,32,3,0,12,20.9,-8.9
53,30,11,3,43,51.7,-8.7
237,32,3,0,22,30.1,-8.1
107,23,7,2,29,38.6,-9.6
130,26,3,4,5,30.8,-25.8
214,30,2,4,4,6.6,-2.6
273,18,11,1,6,11.0,-5.0
129,31,2,4,32,41.7,-9.7
53,31,8,2,33,38.9,-5.9
53,26,12,3,32,38.1,-6.1
210,37,5,0,25,31.8,-6.8
247,20,3,2,43,31.6,11.4
100,25,2,3,24,38.2,-14.2
107,26,4,3,36,51.8,-15.8
200,35,5,4,3,8.0,-5.0
171,28,3,1,25,27.0,-2.0
53,27,2,2,3,32.1,-29.1
95,22,2,2,16,35.8,-19.8
53,27,0,4,5,37.1,-32.1
107,22,2,0,58,42.5,15.5
12,22,7,4,20,21.4,-1.4
12,21,8,3,116,40.9,75.1
9,27,0,1,20,44.4,-24.4
112,24,2,4,6,18.8,-12.8
161,21,11,1,63,55.7,7.3
147,23,1,3,38,18.2,19.8
12,34,5,3,32,60.3,-28.3
266,29,2,0,8,8.7,-0.7
171,29,12,1,11,31.4,-20.4
120,19,7,0,13,17.6,-4.6
135,27,2,0,33,43.0,-10.0
155,28,0,2,6,53.3,-47.3
200,31,12,3,3,18.0,-15.0
145,36,2,4,16,22.8,-6.8
143,25,12,0,51,46.4,4.6
53,28,1,3,76,36.7,39.3
268,16,11,1,11,9.7,1.3
113,32,4,4,12,21.5,-9.5
149,21,1,4,48,27.5,20.5
109,25,7,3,8,38.8,-30.8
217,24,5,0,43,49.1,-6.1
225,24,2,2,4,30.2,-26.2
28,30,5,1,22,71.1,-49.1
176,37,4,4,18,24.8,-6.8
34,25,4,1,92,70.8,21.2
107,23,1,3,17,48.9,-31.9
225,25,5,0,21,20.5,0.5
169,21,2,4,12,14.8,-2.8
170,28,8,1,62,28.0,34.0
237,25,11,0,31,26.5,4.5
268,22,8,3,14,23.5,-9.5
14,23,2,4,15,9.9,5.1
102,30,1,4,27,17.4,9.6
171,22,2,3,17,41.4,-24.4
225,28,3,1,82,25.1,56.9
133,25,3,3,82,91.6,-9.6
251,24,12,0,25,6.7,18.3
12,27,7,3,35,46.5,-11.5
12,26,3,0,10,49.0,-39.0
171,28,3,3,25,35.1,-10.1
107,22,7,1,36,41.7,-5.7
200,28,8,3,3,14.4,-11.4
209,35,5,3,102,41.9,60.1
71,19,4,4,16,15.2,0.8
268,26,2,0,10,19.4,-9.4
53,29,1,4,20,27.5,-7.5
23,28,7,0,7,29.5,-22.5
146,25,3,4,205,158.2,46.8
225,23,8,0,5,22.3,-17.3
162,25,12,1,26,58.0,-32.0
53,36,12,1,8,28.6,-20.6
107,25,1,4,29,37.9,-8.9
225,23,4,2,4,36.7,-32.7
103,27,2,0,54,65.6,-11.6
9,27,8,3,18,38.7,-20.7
268,19,0,4,23,45.2,-22.2
53,34,1,0,205,42.6,162.4
107,27,4,2,86,37.4,48.6
147,32,8,3,13,19.7,-6.7
199,28,5,0,4,9.1,-5.1
268,30,2,1,5,22.9,-17.9
111,23,2,2,10,16.6,-6.6
107,21,1,1,35,37.7,-2.7
169,19,2,4,7,13.2,-6.2
143,28,3,4,26,48.1,-22.1
65,26,12,2,71,24.9,46.1
249,28,3,4,7,12.4,-5.4
109,30,1,4,80,29.8,50.2
12,27,0,0,20,68.8,-48.8
10,29,2,3,11,25.8,-14.8
214,28,1,1,3,8.3,-5.3
107,27,4,0,52,40.9,11.1
14,22,5,3,49,49.9,-0.9
100,27,7,3,20,30.4,-10.4
53,26,7,3,152,45.6,106.4
171,19,1,0,28,50.4,-22.4
241,20,1,3,37,49.3,-12.3
237,32,2,0,19,36.2,-17.2
113,25,11,1,4,18.5,-14.5
257,26,8,4,15,13.0,2.0
9,26,4,4,16,32.6,-16.6
131,28,2,3,10,67.4,-57.4
147,28,12,3,14,11.9,2.1
143,27,1,3,21,90.5,-69.5
12,27,4,3,8,49.8,-41.8
92,29,4,0,16,24.4,-8.4
9,36,1,1,5,23.3,-18.3
106,22,11,2,62,43.4,18.6
268,27,4,1,14,21.6,-7.6
9,29,7,4,18,17.4,0.6
146,30,2,2,364,131.4,232.6
147,24,3,3,10,16.4,-6.4
268,24,1,4,47,17.7,29.3
92,29,4,0,23,24.4,-1.4
12,20,2,2,85,28.7,56.3
171,25,0,3,20,29.0,-9.0
107,25,8,1,57,44.1,12.9
12,24,1,0,15,44.3,-29.3
171,31,2,1,48,32.0,16.0
225,24,2,0,103,17.6,85.4
120,28,3,0,5,3.8,1.2
37,20,5,0,112,62.8,49.2
120,20,2,2,9,7.3,1.7
259,33,4,1,19,23.7,-4.7
75,21,11,1,214,224.5,-10.5
143,22,12,3,118,68.8,49.2
12,25,8,3,41,49.0,-8.0
107,28,12,1,12,28.6,-16.6
12,26,12,4,10,18.8,-8.8
147,27,3,3,29,23.6,5.4
227,26,3,0,4,17.5,-13.5
107,22,1,3,47,52.2,-5.2
71,23,4,3,14,14.7,-0.7
268,30,7,4,23,17.4,5.6
260,23,7,0,12,16.5,-4.5
32,27,4,3,26,75.5,-49.5
109,19,2,0,10,32.5,-22.5
95,29,6,2,11,52.9,-41.9
225,21,12,0,9,25.1,-16.1
147,23,12,3,18,13.9,4.1
7,36,10,4,117,108.6,8.4
247,25,3,1,27,25.0,2.0
92,21,1,1,19,23.2,-4.2
225,22,11,3,19,41.8,-22.8
107,27,4,3,19,47.0,-28.0
147,32,4,3,4,16.6,-12.6
171,26,1,2,31,33.3,-2.3
262,26,7,0,11,14.7,-3.7
149,24,4,2,30,39.8,-9.8
55,34,4,4,41,29.4,11.6
147,24,2,0,15,18.9,-3.9
147,25,7,2,14,21.2,-7.2
14,31,8,4,6,12.6,-6.6
268,27,6,0,7,20.1,-13.1
107,21,2,0,74,43.4,30.6
23,29,2,0,66,25.1,40.9
150,23,0,0,46,42.2,3.8
107,20,2,0,37,42.3,-5.3
268,20,11,2,14,13.6,0.4
53,26,3,2,31,28.9,2.1
92,26,11,4,20,11.9,8.1
147,24,8,3,17,17.2,-0.2
59,18,4,0,5,21.3,-16.3
127,24,1,4,26,34.3,-8.3
201,32,4,0,25,11.7,13.3
9,31,2,0,7,41.9,-34.9
54,32,1,4,30,38.2,-8.2
55,25,8,4,11,28.1,-17.1
225,29,2,4,26,21.9,4.1
131,22,7,3,51,44.5,6.5
257,23,4,4,5,28.8,-23.8
143,27,4,3,23,97.8,-74.8
92,23,2,0,6,24.7,-18.7
94,32,0,3,9,35.9,-26.9
71,24,0,0,10,13.9,-3.9
107,26,4,2,52,41.3,10.7
147,22,4,4,6,18.4,-12.4
268,29,8,4,23,17.3,5.7
268,22,12,0,31,20.0,11.0
225,27,2,0,6,23.2,-17.2
50,25,2,4,5,11.6,-6.6
100,23,2,3,112,34.7,77.3
9,33,4,0,36,22.1,13.9
154,37,5,0,312,43.3,268.7
12,28,11,2,23,49.0,-26.0
34,33,0,2,53,80.8,-27.8
225,24,2,4,69,21.0,48.0
16,23,1,3,79,46.6,32.4
14,23,12,0,7,42.5,-35.5
95,21,1,2,133,35.2,97.8
209,25,0,2,11,23.3,-12.3
169,32,2,4,30,16.7,13.3
248,28,0,2,6,32.7,-26.7
199,32,0,0,5,14.5,-9.5
23,26,3,4,5,11.1,-6.1
268,27,5,0,13,19.3,-6.3
145,22,1,4,163,25.8,137.2
176,23,2,0,11,47.7,-36.7
237,27,2,0,18,36.1,-18.1
268,31,1,1,12,20.7,-8.7
108,24,0,0,19,33.2,-14.2
79,22,0,2,20,29.4,-9.4
252,26,3,0,16,15.6,0.4
147,29,8,3,13,16.8,-3.8
143,23,12,3,36,64.1,-28.1
79,26,3,0,8,34.6,-26.6
45,27,1,1,82,56.5,25.5
163,20,0,3,184,84.0,100.0
107,20,4,2,19,41.3,-22.3
143,24,12,3,27,60.7,-33.7
53,28,7,4,25,27.0,-2.0
145,25,1,0,11,26.0,-15.0
71,26,2,0,11,14.0,-3.0
71,25,2,0,7,14.5,-7.5
143,28,3,3,96,71.5,24.5
171,26,4,1,6,35.6,-29.6
0,25,4,0,19,45.8,-26.8
89,26,11,4,4,6.1,-2.1
268,30,7,1,10,19.3,-9.3
12,24,2,3,103,52.4,50.6
92,25,0,2,24,23.8,0.2
143,34,5,2,6,42.1,-36.1
10,32,0,2,13,22.5,-9.5
12,23,8,3,11,51.5,-40.5
171,32,2,1,7,34.1,-27.1
71,31,8,2,21,14.2,6.8
12,25,12,0,39,41.5,-2.5
9,25,2,4,31,28.8,2.2
107,33,2,2,178,37.1,140.9
143,31,0,2,11,31.9,-20.9
71,21,7,1,18,8.1,9.9
107,21,3,3,24,65.4,-41.4
131,25,7,2,9,36.7,-27.7
71,28,7,1,7,10.5,-3.5
71,30,5,2,15,13.4,1.6
268,23,5,4,4,23.0,-19.0
71,30,1,3,26,17.0,9.0
147,26,4,4,22,24.0,-2.0
146,24,4,3,83,186.8,-103.8
241,21,4,2,21,36.3,-15.3
262,21,11,0,5,12.1,-7.1
145,24,11,3,60,26.0,34.0
90,25,5,4,12,30.9,-18.9
107,30,8,3,119,51.5,67.5
12,27,12,3,10,48.0,-38.0
268,28,7,0,5,14.9,-9.9
241,28,12,3,17,32.8,-15.8
237,20,2,0,15,40.6,-25.6
54,34,12,4,17,23.8,-6.8
147,33,2,3,10,33.8,-23.8
131,21,1,2,33,36.3,-3.3
209,30,2,1,6,34.0,-28.0
12,21,3,0,27,50.2,-23.2
100,23,1,2,17,24.7,-7.7
143,31,7,1,30,76.8,-46.8
145,35,4,1,13,22.0,-9.0
145,34,5,4,17,21.2,-4.2
237,28,4,0,27,28.1,-1.1
147,28,0,3,16,10.6,5.4
10,28,3,2,6,21.7,-15.7
274,36,3,4,6,40.9,-34.9
268,35,1,0,6,11.9,-5.9
241,28,4,4,4,27.1,-23.1
10,37,2,4,21,20.4,0.6
189,33,5,1,214,37.3,176.7
107,24,1,4,86,36.3,49.7
143,24,2,3,548,71.0,477.0
53,35,2,1,24,39.0,-15.0
15,33,2,4,11,27.9,-16.9
214,25,2,4,9,6.8,2.2
23,20,0,0,11,18.2,-7.2
268,31,1,4,45,26.9,18.1
21,28,1,4,28,25.0,3.0
268,34,2,1,8,31.7,-23.7
120,20,7,2,7,6.7,0.3
107,28,2,0,8,33.4,-25.4
75,23,7,1,214,227.8,-13.8
107,25,4,0,26,47.1,-21.1
120,29,2,0,8,8.8,-0.8
268,32,2,4,18,19.1,-1.1
107,26,12,1,6,33.0,-27.0
28,28,1,3,8,75.5,-67.5
9,24,4,2,92,46.8,45.2
146,26,4,3,30,267.8,-237.8
111,21,7,3,40,19.2,20.8
117,29,12,0,22,19.2,2.8
55,25,1,0,6,31.6,-25.6
79,23,12,2,24,35.5,-11.5
9,22,4,0,21,34.0,-13.0
169,34,12,4,7,15.0,-8.0
94,27,4,1,10,23.2,-13.2
169,35,4,4,6,13.1,-7.1
107,21,2,0,50,43.4,6.6
268,28,12,4,4,15.9,-11.9
107,25,11,0,25,36.4,-11.4
268,20,7,0,14,19.3,-5.3
257,19,11,4,4,17.2,-13.2
171,26,1,4,62,28.0,34.0
147,22,12,3,14,24.3,-10.3
171,24,8,0,41,33.0,8.0
107,33,3,2,34,31.3,2.7
249,25,4,1,16,18.0,-2.0
71,30,4,1,10,12.6,-2.6
12,28,4,3,10,36.4,-26.4
232,29,2,2,212,35.1,176.9
270,26,8,0,5,19.3,-14.3
24,28,12,0,61,18.5,42.5
171,20,8,1,13,35.0,-22.0
169,23,12,4,12,5.7,6.3
71,25,4,1,10,12.4,-2.4
131,18,3,2,49,58.1,-9.1
10,26,0,4,23,12.3,10.7
262,18,0,0,24,2.9,21.1
239,26,2,4,37,31.5,5.5
107,21,8,3,31,71.5,-40.5
53,31,1,3,44,46.9,-2.9
71,20,1,0,12,9.4,2.6
268,27,3,3,12,26.1,-14.1
53,30,8,2,42,37.7,4.3
171,22,2,2,27,35.2,-8.2
92,25,8,3,9,38.4,-29.4
171,27,2,1,35,35.3,-0.3
199,24,4,3,4,14.6,-10.6
145,32,2,4,9,23.6,-14.6
207,21,2,0,15,58.8,-43.8
9,29,2,0,18,36.6,-18.6
145,25,7,4,14,19.0,-5.0
71,26,7,3,22,21.1,0.9
76,21,1,1,246,230.7,15.3
147,22,11,2,23,14.8,8.2
171,31,1,1,15,30.7,-15.7
109,20,2,3,27,32.1,-5.1
266,24,5,0,4,10.2,-6.2
259,24,0,2,124,7.8,116.2
171,29,12,1,27,31.4,-4.4
225,27,3,4,9,23.0,-14.0
79,23,8,2,41,24.9,16.1
100,20,2,3,10,39.3,-29.3
55,31,7,4,8,25.2,-17.2
71,25,1,1,9,11.1,-2.1
199,19,2,0,13,13.3,-0.3
107,32,4,0,16,36.7,-20.7
171,20,2,2,15,33.1,-18.1
30,19,7,3,130,168.1,-38.1
273,29,1,0,32,16.2,15.8
268,26,12,0,7,19.6,-12.6
147,19,8,3,17,119.1,-102.1
71,29,2,3,9,14.9,-5.9
147,23,7,3,31,19.9,11.1
169,28,7,4,4,11.2,-7.2
143,29,8,2,40,58.7,-18.7
225,29,1,4,7,22.1,-15.1
143,29,2,2,14,49.6,-35.6
200,30,0,4,3,15.0,-12.0
118,27,4,3,35,29.4,5.6
149,35,1,3,11,63.3,-52.3
108,24,2,0,26,36.9,-10.9
147,26,2,0,24,23.3,0.7
109,28,5,4,118,27.6,90.4
171,24,12,0,29,35.1,-6.1
171,29,5,1,10,29.0,-19.0
268,24,4,0,6,18.0,-12.0
147,26,6,1,16,24.3,-8.3
145,18,2,0,10,39.3,-29.3
120,33,0,0,4,12.9,-8.9
5,24,4,3,48,123.9,-75.9
71,30,2,3,15,22.9,-7.9
76,26,4,0,252,283.7,-31.7
171,27,3,4,13,26.8,-13.8
268,28,11,4,19,14.4,4.6
104,27,11,0,59,52.0,7.0
107,29,7,3,41,39.4,1.6
107,24,1,3,32,49.7,-17.7
53,31,2,2,16,41.0,-25.0
71,25,2,4,11,14.7,-3.7
145,23,7,0,11,24.9,-13.9
92,19,2,0,21,31.6,-10.6
12,38,7,4,5,10.2,-5.2
146,21,7,0,246,159.1,86.9
260,31,7,0,10,16.0,-6.0
178,25,5,1,123,57.5,65.5
251,23,7,0,5,10.4,-5.4
196,22,4,4,32,48.1,-16.1
171,29,7,1,32,29.9,2.1
71,30,12,2,19,6.5,12.5
133,32,2,3,49,96.7,-47.7
262,27,2,0,5,15.3,-10.3
22,22,1,2,28,22.8,5.2
55,33,2,3,12,45.8,-33.8
120,19,2,0,3,13.7,-10.7
268,25,4,2,11,19.7,-8.7
237,19,0,0,16,40.5,-24.5
5,33,5,1,32,113.4,-81.4
5,28,12,3,11,184.8,-173.8
171,36,0,1,21,23.1,-2.1
111,27,7,1,47,27.8,19.2
101,25,2,3,11,34.2,-23.2
169,22,1,4,20,14.5,5.5
79,24,0,2,9,28.5,-19.5
36,26,3,2,89,64.6,24.4
262,24,3,0,29,6.3,22.7
266,35,4,1,5,7.4,-2.4
241,27,2,2,7,38.5,-31.5
225,28,8,4,26,19.9,6.1
147,37,4,0,5,12.2,-7.2
71,32,2,4,9,17.0,-8.0
76,20,0,4,250,179.5,70.5
209,25,2,0,89,41.6,47.4
108,29,3,2,17,26.6,-9.6
243,21,4,2,6,26.6,-20.6
55,26,2,4,23,24.3,-1.3
71,34,4,1,16,10.4,5.6
10,17,0,0,13,9.1,3.9
15,19,1,1,98,48.4,49.6
143,19,8,2,136,71.7,64.3
118,30,4,3,12,29.3,-17.3
233,22,2,2,44,40.8,3.2
120,21,7,0,6,9.0,-3.0
237,26,2,0,28,32.9,-4.9
133,21,8,2,103,51.8,51.2
188,30,12,0,43,30.9,12.1
71,19,10,2,14,44.4,-30.4
94,24,0,3,5,34.4,-29.4
146,26,2,3,225,259.2,-34.2
10,26,11,2,261,19.7,241.3
35,34,5,1,29,44.8,-15.8
209,25,1,3,53,38.1,14.9
14,27,1,4,7,18.2,-11.2
23,31,2,0,3,39.4,-36.4
71,26,2,4,7,14.9,-7.9
236,32,0,1,50,49.7,0.3
53,26,3,0,38,30.3,7.7
272,33,0,3,2,34.4,-32.4
268,21,7,1,9,21.4,-12.4
92,25,1,4,3,19.5,-16.5
92,23,11,0,15,20.4,-5.4
147,25,6,0,36,19.9,16.1
71,26,2,4,17,14.9,2.1
268,33,0,0,8,22.9,-14.9
71,23,8,4,20,15.6,4.4
252,25,11,2,8,10.5,-2.5
120,25,2,2,5,12.5,-7.5
225,31,4,2,62,28.9,33.1
109,33,12,3,47,35.3,11.7
268,27,13,4,5,17.0,-12.0
214,21,3,1,6,16.2,-10.2
89,25,7,4,4,7.2,-3.2
268,25,2,4,10,16.4,-6.4
53,39,5,1,25,33.7,-8.7
23,32,0,0,4,33.7,-29.7
32,22,11,1,26,79.3,-53.3
103,23,1,3,37,77.7,-40.7
171,32,1,1,39,32.2,6.8
92,33,4,0,8,23.6,-15.6
95,24,7,3,12,49.1,-37.1
150,23,7,0,15,47.2,-32.2
107,30,3,3,26,49.2,-23.2
143,24,2,3,57,71.0,-14.0
107,28,1,4,19,30.5,-11.5
57,29,2,3,11,33.3,-22.3
76,22,7,2,182,235.2,-53.2
268,36,2,4,87,16.2,70.8
54,23,2,4,18,40.3,-22.3
71,26,8,4,16,17.0,-1.0
172,30,2,4,105,23.8,81.2
169,35,4,1,11,22.2,-11.2
143,29,4,0,64,61.4,2.6
108,28,1,4,32,30.4,1.6
55,30,1,0,4,42.2,-38.2
225,25,2,3,13,37.7,-24.7
95,22,0,2,13,32.7,-19.7
51,30,0,2,36,11.2,24.8
76,22,4,2,281,245.7,35.3
133,27,1,0,55,53.2,1.8
171,20,7,1,49,34.4,14.6
209,20,2,0,51,42.2,8.8
189,21,5,0,213,49.0,164.0
53,29,12,3,26,32.2,-6.2
254,23,7,3,37,21.3,15.7
171,29,4,1,15,29.2,-14.2
147,24,1,3,8,16.4,-8.4
90,29,5,0,35,28.8,6.2
55,29,4,0,6,31.6,-25.6
171,29,8,1,3,33.3,-30.3
120,35,1,0,7,7.6,-0.6
71,25,3,4,35,13.4,21.6
12,33,5,1,44,34.0,10.0
71,25,12,3,8,14.4,-6.4
65,32,5,3,15,51.3,-36.3
171,26,3,1,18,29.9,-11.9
169,29,4,4,12,13.9,-1.9
131,27,11,2,8,28.4,-20.4
145,31,1,2,52,21.2,30.8
145,22,7,1,4,19.8,-15.8
55,34,11,4,4,24.8,-20.8
107,25,0,2,8,29.6,-21.6
107,25,4,3,22,55.2,-33.2
268,25,3,4,10,15.9,-5.9
147,25,4,1,15,19.2,-4.2
95,37,12,3,42,26.0,16.0
225,19,11,3,42,52.6,-10.6
15,26,2,4,34,31.5,2.5
169,39,7,4,7,13.0,-6.0
12,23,7,1,6,36.7,-30.7
147,27,11,3,7,22.5,-15.5
107,27,2,3,63,50.9,12.1
107,21,3,4,50,43.8,6.2
171,23,2,2,7,31.3,-24.3
10,28,7,0,166,24.1,141.9
196,19,4,1,57,60.5,-3.5
249,24,4,3,10,20.5,-10.5
147,30,12,0,13,12.9,0.1
12,21,7,3,36,38.9,-2.9
53,23,2,4,18,33.9,-15.9
147,27,2,3,124,26.0,98.0
169,27,0,4,4,20.0,-16.0
268,29,7,4,9,18.0,-9.0
147,29,1,3,8,13.6,-5.6
23,34,4,0,21,49.8,-28.8
70,21,3,4,5,19.9,-14.9
53,24,2,3,22,43.2,-21.2
223,26,0,4,15,30.2,-15.2
120,20,11,0,19,8.4,10.6
10,20,8,2,39,17.1,21.9
22,23,0,3,144,37.1,106.9
227,23,2,3,11,41.6,-30.6
188,33,2,0,22,42.4,-20.4
247,21,5,2,52,35.0,17.0
268,22,1,4,40,25.5,14.5
120,22,8,0,3,9.0,-6.0
130,29,2,4,19,37.4,-18.4
161,25,0,2,32,64.0,-32.0
268,26,2,4,4,19.3,-15.3
169,26,2,4,4,14.9,-10.9
118,32,8,1,22,22.3,-0.3
225,20,5,0,19,29.0,-10.0
100,22,0,2,7,25.9,-18.9
257,27,4,4,5,12.7,-7.7
252,22,12,0,4,16.7,-12.7
133,23,12,4,50,51.1,-1.1
71,27,3,0,18,10.8,7.2
162,34,2,1,10,50.4,-40.4
147,25,1,3,7,16.5,-9.5
95,26,2,4,12,33.7,-21.7
145,29,1,3,34,32.7,1.3
169,24,2,4,7,9.6,-2.6
118,25,2,4,25,58.8,-33.8
241,26,4,3,12,42.0,-30.0
12,21,12,3,14,50.3,-36.3
71,32,12,1,16,6.0,10.0
12,35,12,1,27,21.5,5.5
155,24,11,4,4,13.3,-9.3
57,36,12,3,45,21.2,23.8
257,22,6,4,3,17.8,-14.8
53,30,1,2,36,32.4,3.6
169,31,8,4,6,15.6,-9.6
200,27,3,4,3,7.4,-4.4
71,23,1,2,11,10.2,0.8
257,19,2,4,6,27.5,-21.5
146,27,8,3,98,261.3,-163.3
171,29,0,1,43,31.6,11.4
199,31,12,4,24,5.1,18.9
171,26,0,4,102,25.5,76.5
51,26,12,0,9,16.0,-7.0
126,36,12,1,12,63.7,-51.7
9,28,3,1,18,36.0,-18.0
107,26,2,2,22,35.7,-13.7
132,25,0,0,50,29.8,20.2
12,30,12,0,154,33.6,120.4
143,23,3,3,86,73.1,12.9
90,27,5,3,40,47.8,-7.8
171,27,4,2,5,33.6,-28.6
209,23,11,0,131,57.9,73.1
143,30,2,2,12,51.1,-39.1
9,34,12,1,17,9.0,8.0
71,20,10,3,11,23.0,-12.0
225,27,12,2,47,32.4,14.6
220,25,0,3,19,41.6,-22.6
143,24,2,1,25,52.9,-27.9
111,28,1,3,12,27.7,-15.7
257,24,1,4,5,10.7,-5.7
118,23,12,2,27,15.2,11.8
12,31,8,3,4,48.7,-44.7
107,26,4,0,50,45.0,5.0
95,24,7,2,80,41.8,38.2
76,22,11,0,233,267.3,-34.3
200,23,13,4,3,2.3,0.7
259,27,2,3,11,35.5,-24.5
146,31,4,0,262,178.9,83.1
107,30,2,1,41,34.3,6.7
171,23,13,0,18,42.3,-24.3
89,25,0,4,3,7.5,-4.5
268,26,2,4,9,19.3,-10.3
257,27,7,2,3,18.0,-15.0
145,34,4,0,10,24.2,-14.2
143,22,7,3,44,74.4,-30.4
166,19,4,2,67,83.3,-16.3
120,31,0,0,11,6.6,4.4
79,23,11,2,11,26.5,-15.5
268,27,4,1,10,21.6,-11.6
119,25,1,3,22,22.0,-0.0
262,27,1,4,4,9.2,-5.2
147,29,8,0,19,17.0,2.0
9,26,1,4,15,28.6,-13.6
9,27,0,4,23,26.4,-3.4
147,25,7,3,19,18.8,0.2
143,25,12,1,19,46.1,-27.1
71,31,1,1,15,11.5,3.5
102,28,12,0,14,23.7,-9.7
143,27,4,3,14,97.8,-83.8
10,30,2,1,34,26.5,7.5
133,26,2,0,44,53.0,-9.0
71,19,0,0,13,14.7,-1.7
15,21,3,4,38,38.3,-0.3
225,28,4,3,15,31.8,-16.8
247,27,2,2,63,33.5,29.5
196,28,1,2,222,51.0,171.0
171,28,4,1,37,29.2,7.8
143,26,2,3,34,81.7,-47.7
103,34,2,3,33,61.6,-28.6
209,25,2,4,37,19.8,17.2
252,20,2,0,11,16.3,-5.3
107,27,4,1,49,37.6,11.4
1,34,3,4,5,68.2,-63.2
268,26,1,2,42,20.6,21.4
171,22,8,1,22,34.2,-12.2
71,23,8,1,15,9.6,5.4
143,25,11,0,169,53.4,115.6
107,33,12,3,29,44.5,-15.5
161,35,3,0,63,47.8,15.2
131,36,4,2,33,24.6,8.4
163,25,4,1,92,70.0,22.0
145,32,2,4,144,23.6,120.4
107,23,1,3,31,48.9,-17.9
146,28,12,3,92,146.4,-54.4
12,22,3,3,19,53.0,-34.0
71,23,3,2,14,8.9,5.1
189,31,2,4,382,69.8,312.2
171,23,1,4,42,27.4,14.6
268,35,5,0,23,23.6,-0.6
209,29,8,0,16,50.6,-34.6
268,36,5,0,8,40.7,-32.7
171,33,11,0,23,33.0,-10.0
107,21,1,1,58,37.7,20.3
143,24,3,3,263,65.8,197.2
225,24,7,4,36,25.4,10.6
90,32,5,1,3,36.6,-33.6
235,24,12,0,26,45.9,-19.9
209,23,0,3,86,35.9,50.1
266,22,7,3,5,17.5,-12.5
120,25,0,2,15,7.2,7.8
12,27,0,3,30,61.2,-31.2
12,24,7,4,24,16.4,7.6
268,21,4,1,10,19.0,-9.0
130,27,2,2,40,38.8,1.2
169,24,0,4,3,4.8,-1.8
12,21,3,0,25,50.2,-25.2
49,30,4,0,4,13.4,-9.4
14,30,8,3,8,40.3,-32.3
23,25,0,2,35,13.9,21.1
143,27,11,2,25,76.3,-51.3
14,27,0,4,7,17.5,-10.5
35,30,5,2,30,74.0,-44.0
9,33,3,4,56,21.2,34.8
171,23,11,1,12,24.2,-12.2
9,19,4,0,98,32.6,65.4
53,29,2,3,21,38.5,-17.5
145,31,1,0,68,22.6,45.4
120,20,0,0,7,9.7,-2.7
171,21,11,0,38,43.3,-5.3
11,33,5,1,19,17.7,1.3
268,23,12,3,18,20.7,-2.7
169,30,2,4,12,14.8,-2.8
83,31,8,1,75,23.7,51.3
268,19,7,0,8,15.8,-7.8
53,31,8,0,29,62.8,-33.8
108,34,2,4,20,31.1,-11.1
76,27,4,1,182,247.0,-65.0
10,27,12,0,14,20.0,-6.0
200,29,8,1,3,13.5,-10.5
92,32,2,0,18,47.6,-29.6
268,24,2,4,5,16.8,-11.8
207,25,2,0,12,41.2,-29.2
199,29,2,0,5,10.9,-5.9
10,30,2,0,4,25.6,-21.6
268,20,4,4,27,31.0,-4.0
12,22,1,0,15,40.5,-25.5
107,27,2,3,50,50.9,-0.9
171,20,1,3,26,42.1,-16.1
171,38,5,4,27,27.0,-0.0
71,25,2,3,17,19.0,-2.0
118,18,0,0,128,84.5,43.5
225,34,7,3,4,35.5,-31.5
171,27,2,3,45,41.8,3.2
71,23,5,0,9,14.5,-5.5
120,34,3,0,8,6.7,1.3
143,19,11,1,37,69.1,-32.1
55,27,1,0,6,28.6,-22.6
55,34,8,1,14,39.7,-25.7
120,26,2,0,8,12.8,-4.8
131,31,8,2,6,32.4,-26.4
199,21,1,2,6,8.6,-2.6
214,26,3,0,3,10.9,-7.9
150,24,11,3,42,38.8,3.2
22,34,4,2,9,39.6,-30.6
238,30,1,1,22,34.3,-12.3
107,20,4,2,31,41.3,-10.3
107,22,5,1,15,44.6,-29.6
120,21,4,2,11,9.8,1.2
268,35,8,4,4,12.7,-8.7
131,23,3,2,7,31.1,-24.1
171,28,1,3,4,34.8,-30.8
225,28,2,0,36,19.2,16.8
67,19,1,2,19,31.3,-12.3
71,27,7,1,9,10.6,-1.6
101,25,3,3,9,36.3,-27.3
171,21,1,4,26,28.3,-2.3
92,21,2,2,26,25.1,0.9
133,24,8,0,46,41.4,4.6
108,29,2,4,44,28.2,15.8
145,26,12,1,21,19.6,1.4
241,24,1,3,12,38.2,-26.2
101,30,1,3,4,29.0,-25.0
268,27,12,4,11,19.0,-8.0
95,26,7,3,38,50.0,-12.0
262,33,5,4,4,9.2,-5.2
10,25,7,0,21,17.4,3.6
31,28,2,2,70,74.9,-4.9
54,28,12,1,24,27.3,-3.3
266,27,2,2,6,10.4,-4.4
147,25,12,1,22,12.8,9.2
76,19,11,4,386,158.4,227.6
225,28,4,2,28,28.4,-0.4
76,26,8,1,209,245.6,-36.6
53,30,3,0,20,41.6,-21.6
28,23,12,1,17,117.6,-100.6
10,30,2,2,18,24.9,-6.9
272,28,4,2,5,11.1,-6.1
173,27,2,1,19,34.1,-15.1
268,32,4,0,11,18.5,-7.5
199,24,1,0,8,8.4,-0.4
207,23,11,2,22,34.5,-12.5
171,28,12,1,23,29.9,-6.9
107,29,12,2,23,29.2,-6.2
237,24,1,1,11,31.5,-20.5
12,28,8,0,75,53.8,21.2
231,30,7,1,110,34.3,75.7
257,29,6,4,7,35.8,-28.8
71,22,4,2,9,10.0,-1.0
12,22,6,0,47,41.6,5.4
101,29,12,3,16,27.9,-11.9
155,24,0,0,8,43.9,-35.9
171,33,5,1,17,31.4,-14.4
34,22,12,1,153,105.8,47.2
268,24,2,2,17,16.7,0.3
249,26,2,4,4,14.1,-10.1
150,27,12,2,55,51.5,3.5
225,25,1,3,26,36.8,-10.8
268,26,1,4,7,20.1,-13.1
18,25,4,1,18,39.7,-21.7
117,26,2,0,86,24.5,61.5
147,36,1,1,5,28.6,-23.6
196,22,8,4,11,36.0,-25.0
120,29,0,2,6,15.8,-9.8
268,25,12,4,13,15.3,-2.3
225,30,3,3,22,37.9,-15.9
12,30,3,1,31,43.2,-12.2
92,25,1,0,13,34.7,-21.7
237,25,12,0,57,26.8,30.2
108,28,4,4,77,27.4,49.6
10,19,2,2,13,22.2,-9.2
166,26,2,0,93,83.1,9.9
10,31,3,4,8,17.3,-9.3
187,32,7,1,14,34.5,-20.5
113,23,4,2,28,16.3,11.7
147,24,1,2,8,15.9,-7.9
55,25,2,2,12,29.2,-17.2
220,25,1,4,47,29.6,17.4
257,25,8,4,5,8.9,-3.9
143,29,1,3,5,60.9,-55.9
53,27,3,0,19,30.5,-11.5
243,23,11,2,32,30.0,2.0
107,22,4,3,51,53.9,-2.9
271,27,5,1,43,15.5,27.5
79,23,1,2,9,27.3,-18.3
143,26,0,1,28,55.0,-27.0
243,25,0,2,48,17.7,30.3
120,24,7,3,42,11.5,30.5
53,28,1,2,12,29.2,-17.2
53,27,2,3,26,42.8,-16.8
145,23,0,0,6,22.9,-16.9
209,29,2,0,22,43.2,-21.2
116,26,3,4,6,29.5,-23.5
169,26,3,3,4,28.4,-24.4
196,22,4,4,32,48.1,-16.1
257,35,1,4,4,7.0,-3.0
71,25,4,4,7,15.7,-8.7
12,29,11,1,27,40.2,-13.2
119,29,0,1,6,20.0,-14.0
76,27,11,1,215,257.9,-42.9
107,25,7,0,36,45.8,-9.8
145,25,7,4,14,19.0,-5.0
14,28,2,4,8,31.9,-23.9
187,20,7,1,8,44.9,-36.9
266,25,1,0,4,7.9,-3.9
0,26,12,0,10,45.7,-35.7
268,30,4,1,39,19.7,19.3
71,20,7,0,15,9.8,5.2
71,25,4,2,10,12.2,-2.2
41,28,12,4,6,24.0,-18.0
107,30,12,3,14,48.7,-34.7
55,23,8,0,80,28.9,51.1
12,21,1,3,54,46.9,7.1
237,29,7,1,19,32.3,-13.3
261,17,4,0,15,7.3,7.7
261,26,4,4,25,17.2,7.8
251,18,2,0,3,11.3,-8.3
50,26,1,4,56,15.4,40.6
100,24,7,3,5,38.3,-33.3
118,32,1,3,282,38.5,243.5
14,23,0,4,27,5.9,21.1
107,28,8,2,17,31.0,-14.0
199,22,4,4,8,10.7,-2.7
169,26,1,4,6,16.4,-10.4
12,23,11,0,17,44.9,-27.9
171,23,4,3,35,37.1,-2.1
225,26,2,2,12,34.0,-22.0
107,31,8,0,107,38.6,68.4
143,33,8,3,66,89.3,-23.3
143,24,4,3,31,70.5,-39.5
268,24,1,4,6,17.7,-11.7
71,25,5,1,10,13.6,-3.6
107,26,11,1,42,33.2,8.8
199,34,3,4,5,3.1,1.9
209,24,4,4,8,20.0,-12.0
143,22,1,1,45,45.8,-0.8
244,26,5,4,93,24.5,68.5
247,22,3,2,8,29.7,-21.7
53,28,3,2,52,29.5,22.5
234,25,4,0,84,42.6,41.4
107,22,2,1,63,38.0,25.0
71,35,5,4,23,14.6,8.4
237,29,7,0,24,28.3,-4.3
9,26,2,4,16,28.6,-12.6
257,23,0,4,6,45.3,-39.3
53,36,2,4,61,35.4,25.6
155,22,7,4,18,24.6,-6.6
228,26,3,4,9,17.9,-8.9
55,31,4,4,36,30.9,5.1
12,24,2,3,20,52.4,-32.4
120,35,4,2,8,9.1,-1.1
143,27,4,3,25,97.8,-72.8
146,23,12,0,75,116.3,-41.3
241,26,5,2,4,40.2,-36.2
33,24,7,1,124,65.7,58.3
109,30,1,4,49,29.8,19.2
71,25,4,0,43,14.6,28.4
147,22,3,3,7,17.9,-10.9
113,32,4,4,9,21.5,-12.5
120,23,8,2,27,8.7,18.3
131,23,4,2,40,34.7,5.3
147,22,0,1,14,15.2,-1.2
268,28,1,0,15,12.0,3.0
247,25,0,1,36,22.5,13.5
79,22,4,2,42,29.0,13.0
107,30,2,1,25,34.3,-9.3
46,28,8,3,50,24.1,25.9
22,23,1,2,45,19.1,25.9
262,22,0,0,7,8.1,-1.1
260,25,8,0,4,13.2,-9.2
14,25,2,0,62,30.0,32.0
225,26,7,2,33,40.5,-7.5
174,24,8,0,11,30.3,-19.3
10,27,2,0,30,35.4,-5.4
95,21,7,0,11,44.9,-33.9
171,27,2,3,44,41.8,2.2
171,24,12,2,9,24.3,-15.3
214,22,1,1,3,20.2,-17.2
15,24,0,1,15,35.5,-20.5
268,31,1,4,18,26.9,-8.9
58,31,12,0,117,52.2,64.8
71,21,7,0,11,10.8,0.2
107,31,4,3,90,46.5,43.5
92,21,7,0,36,21.3,14.7
79,25,2,2,62,25.7,36.3
131,36,4,2,25,24.6,0.4
172,31,8,0,10,41.3,-31.3
147,27,1,3,5,23.2,-18.2
10,22,2,4,8,16.9,-8.9
10,32,2,1,23,31.2,-8.2
169,21,2,4,7,14.8,-7.8
268,29,4,0,8,16.3,-8.3
257,22,7,0,7,18.8,-11.8
10,30,2,0,14,25.6,-11.6
107,30,3,4,41,33.2,7.8
113,32,4,4,19,21.5,-2.5
236,19,2,0,308,50.4,257.6
107,26,1,1,42,35.4,6.6
146,41,4,4,264,89.0,175.0
120,29,8,3,13,8.2,4.8
131,21,2,2,13,37.0,-24.0
110,28,3,3,23,30.0,-7.0
143,25,11,4,90,44.2,45.8
79,25,4,1,27,29.6,-2.6
9,33,2,1,15,37.3,-22.3
92,24,4,0,73,26.3,46.7
120,28,7,2,8,5.1,2.9
171,30,2,3,25,40.4,-15.4
109,28,2,1,24,24.7,-0.7
107,37,2,4,129,31.1,97.9
143,21,1,2,17,38.9,-21.9
223,22,0,1,6,78.4,-72.4
92,23,1,1,9,20.8,-11.8
71,32,5,0,5,16.3,-11.3
171,22,1,1,14,34.7,-20.7
268,26,3,1,15,17.9,-2.9
247,21,2,2,16,30.9,-14.9
194,32,3,2,37,58.2,-21.2
12,26,8,0,113,46.9,66.1
71,27,7,1,16,10.6,5.4
107,35,1,2,110,25.2,84.8
172,23,7,0,8,34.3,-26.3
53,29,0,3,14,35.0,-21.0
71,32,10,0,99,58.5,40.5
107,20,3,3,186,63.5,122.5
53,28,4,2,13,30.3,-17.3
266,26,3,0,8,8.5,-0.5
71,22,12,1,13,13.7,-0.7
237,34,7,3,8,34.0,-26.0
15,30,0,2,23,65.4,-42.4
171,24,2,3,12,36.1,-24.1
12,31,0,2,10,39.3,-29.3
268,32,3,0,10,18.4,-8.4
251,27,7,0,5,10.3,-5.3
12,29,0,1,15,36.9,-21.9
107,27,8,1,30,39.3,-9.3
237,17,4,0,32,33.9,-1.9
71,26,2,4,22,14.9,7.1
200,20,0,4,3,180.4,-177.4
236,23,4,0,82,47.7,34.3
272,25,5,2,5,13.2,-8.2
76,31,1,1,175,234.4,-59.4
107,31,5,3,57,52.2,4.8
111,24,1,0,33,21.7,11.3
131,19,11,1,65,42.1,22.9
71,32,7,4,19,8.6,10.4
54,31,1,4,48,35.7,12.3
32,21,5,4,83,89.2,-6.2
22,27,4,3,22,45.3,-23.3
234,31,2,0,131,50.6,80.4
171,28,7,2,60,28.5,31.5
23,36,4,4,3,8.9,-5.9
268,35,4,4,12,22.6,-10.6
225,29,4,2,37,28.8,8.2
107,26,2,0,27,38.2,-11.2
209,26,1,0,85,49.9,35.1
53,36,2,2,64,41.2,22.8
71,34,7,2,6,1.5,4.5
104,29,11,0,63,52.1,10.9
268,19,11,3,15,23.7,-8.7
169,23,7,4,19,14.4,4.6
225,27,2,0,8,23.2,-15.2
120,21,4,3,4,7.8,-3.8
268,23,0,4,18,19.3,-1.3
228,21,1,4,7,35.4,-28.4
128,28,1,2,8,51.2,-43.2
200,22,8,0,3,8.4,-5.4
101,28,12,3,56,30.0,26.0
268,32,10,4,4,12.5,-8.5
143,26,2,3,74,81.7,-7.7
12,27,11,2,46,53.3,-7.3
171,30,7,1,38,30.9,7.1
209,24,1,4,78,21.7,56.3
107,26,1,1,31,35.4,-4.4
146,25,0,4,83,148.4,-65.4
9,25,3,0,34,41.3,-7.3
209,23,0,2,24,31.9,-7.9
12,30,0,0,12,35.5,-23.5
120,30,2,0,8,10.9,-2.9
216,25,4,4,14,22.3,-8.3
108,23,8,4,51,30.9,20.1
107,29,7,1,16,29.6,-13.6
238,22,11,1,13,35.0,-22.0
268,37,12,1,15,6.5,8.5
3,26,4,1,9,36.1,-27.1
268,23,2,4,31,18.6,12.4
10,23,4,4,4,16.0,-12.0
257,26,11,2,12,15.7,-3.7
268,23,2,0,19,17.1,1.9
107,22,1,2,33,37.5,-4.5
171,32,4,1,29,30.6,-1.6
53,29,12,2,43,25.1,17.9
107,25,13,3,49,43.1,5.9
120,21,12,3,69,12.9,56.1
268,28,0,0,5,18.6,-13.6
147,33,12,0,8,13.7,-5.7
157,37,4,1,11,24.2,-13.2
147,24,2,3,48,17.4,30.6
71,30,4,3,11,18.2,-7.2
147,29,2,1,29,16.7,12.3
260,33,12,0,10,14.8,-4.8
71,22,2,4,12,16.4,-4.4
262,28,2,1,6,13.7,-7.7
171,28,0,3,37,34.7,2.3
92,21,4,0,8,25.0,-17.0
14,22,4,4,62,16.0,46.0
171,27,7,2,22,33.3,-11.3
53,32,8,4,13,32.4,-19.4
120,29,12,0,8,5.4,2.6
92,23,2,3,3,33.1,-30.1
234,25,12,0,113,43.3,69.7
118,20,3,2,32,31.0,1.0
109,28,0,0,12,24.8,-12.8
169,21,8,4,19,14.6,4.4
51,29,3,4,6,8.4,-2.4
120,26,11,3,6,7.0,-1.0
165,23,7,0,17,70.5,-53.5
71,17,0,0,8,13.6,-5.6
145,22,4,3,31,32.0,-1.0
209,28,11,4,6,26.9,-20.9
9,28,11,2,22,39.2,-17.2
107,31,12,1,11,32.1,-21.1
171,34,4,1,22,25.1,-3.1
171,24,1,3,11,35.2,-24.2
214,26,1,4,6,10.3,-4.3
107,20,2,3,201,62.8,138.2
143,28,2,4,63,49.7,13.3
12,27,2,3,15,60.9,-45.9
209,23,5,4,53,57.2,-4.2
71,23,4,2,8,9.8,-1.8
237,18,7,0,46,67.4,-21.4
12,24,7,3,26,41.5,-15.5
3,33,12,2,33,86.6,-53.6
209,21,0,0,62,57.5,4.5
10,34,5,0,38,15.0,23.0
71,19,1,1,10,12.7,-2.7
249,28,0,3,46,21.5,24.5
120,25,4,0,11,17.3,-6.3
145,25,2,3,48,40.3,7.7
35,30,5,3,118,89.4,28.6
10,29,12,2,16,11.5,4.5
95,21,4,2,16,37.5,-21.5
262,20,7,1,4,12.6,-8.6
53,25,3,3,29,42.2,-13.2
12,36,5,3,187,52.2,134.8
268,25,3,0,12,13.2,-1.2
53,23,2,3,61,43.0,18.0
145,29,11,1,15,19.4,-4.4
163,25,1,1,111,67.6,43.4
89,25,8,0,4,13.5,-9.5
115,31,2,4,172,24.4,147.6
273,26,2,2,17,36.3,-19.3
143,21,1,2,10,38.9,-28.9
169,33,4,4,8,15.7,-7.7
169,31,13,4,43,18.7,24.3
76,23,2,3,350,297.4,52.6
100,36,5,3,59,31.5,27.5
131,24,4,2,52,35.7,16.3
209,22,0,2,10,40.4,-30.4
257,25,12,4,4,6.4,-2.4
95,21,2,0,31,40.7,-9.7
206,29,3,4,7,7.1,-0.1
111,34,4,0,85,15.8,69.2
92,27,2,3,93,35.4,57.6
171,22,1,1,37,34.7,2.3
251,25,2,0,8,7.2,0.8
143,24,4,3,147,70.5,76.5
254,23,3,2,246,17.0,229.0
199,23,4,2,8,11.3,-3.3
107,28,4,3,100,39.7,60.3
268,28,1,4,13,15.8,-2.8
111,29,5,3,8,30.0,-22.0
145,23,2,4,14,26.9,-12.9
107,27,0,3,27,47.9,-20.9
12,29,7,4,23,15.8,7.2
199,28,2,4,4,7.2,-3.2
92,19,0,0,97,33.5,63.5
186,28,2,0,42,31.3,10.7
75,22,3,4,269,197.3,71.7
120,22,0,2,9,7.1,1.9
131,27,2,2,51,40.7,10.3
268,30,5,4,48,21.3,26.7
89,27,0,4,6,3.2,2.8
171,31,8,1,4,33.4,-29.4
249,19,11,3,7,21.4,-14.4
92,30,4,2,4,24.0,-20.0
107,25,2,3,23,52.3,-29.3
225,34,13,0,15,10.5,4.5
143,26,8,3,67,96.8,-29.8
110,31,5,3,29,41.5,-12.5
146,30,1,3,41,238.7,-197.7
108,28,12,4,78,29.7,48.3
71,32,11,1,11,14.8,-3.8
119,30,1,2,3,20.4,-17.4
237,32,11,0,113,28.0,85.0
145,25,1,0,64,26.0,38.0
107,25,11,4,18,37.6,-19.6
76,24,11,4,270,234.5,35.5
14,25,4,4,5,21.2,-16.2
34,30,11,1,105,81.1,23.9
196,18,2,2,21,81.4,-60.4
145,24,4,1,8,27.9,-19.9
10,27,1,2,10,31.3,-21.3
89,28,7,4,4,2.4,1.6
216,22,1,3,43,53.4,-10.4
107,20,7,0,11,45.8,-34.8
22,32,1,2,17,44.6,-27.6
23,36,12,0,10,8.7,1.3
262,22,7,4,8,13.5,-5.5
268,22,8,0,5,17.1,-12.1
144,18,3,0,95,108.3,-13.3
15,23,2,1,6,33.1,-27.1
12,20,12,3,22,48.6,-26.6
133,22,0,0,30,47.2,-17.2
260,23,2,0,6,13.9,-7.9
260,28,4,0,5,11.5,-6.5
107,24,2,3,81,51.2,29.8
92,21,8,1,5,20.3,-15.3
200,24,2,2,12,7.6,4.4
266,36,5,2,4,7.8,-3.8
95,27,4,2,20,37.0,-17.0
107,30,0,3,21,47.0,-26.0
268,26,12,4,33,19.6,13.4
171,36,0,1,33,23.1,9.9
10,26,8,4,19,13.2,5.8
14,23,2,4,15,9.9,5.1
161,24,3,3,153,72.2,80.8
214,28,1,4,7,6.3,0.7
71,28,4,0,5,13.7,-8.7
143,32,4,0,86,67.9,18.1
143,22,12,2,12,39.0,-27.0
161,35,8,2,70,50.8,19.2
101,24,0,3,22,26.8,-4.8
53,30,8,1,62,38.9,23.1
196,26,3,2,49,61.0,-12.0
143,25,2,3,16,71.1,-55.1
147,27,2,0,5,27.8,-22.8
206,23,8,4,9,7.6,1.4
76,30,8,4,179,233.9,-54.9
225,28,2,3,18,38.0,-20.0
260,30,3,1,13,17.9,-4.9
209,24,3,0,10,38.7,-28.7
145,28,1,3,7,32.3,-25.3
92,33,12,1,29,13.1,15.9
171,34,2,1,12,29.1,-17.1
55,21,2,0,15,32.9,-17.9
22,25,4,2,4,35.4,-31.4
79,27,3,1,15,24.0,-9.0
171,27,11,3,20,33.6,-13.6
47,24,11,0,14,14.0,-0.0
257,20,4,4,4,22.2,-18.2
268,24,7,1,3,20.4,-17.4
209,29,8,3,21,44.5,-23.5
10,21,2,4,8,15.5,-7.5
120,24,2,0,7,10.1,-3.1
247,33,2,2,39,32.1,6.9
237,33,12,0,23,25.5,-2.5
71,28,8,0,11,15.3,-4.3
169,24,8,4,13,10.0,3.0
171,30,8,1,76,33.3,42.7
10,26,0,4,7,12.3,-5.3
23,36,5,3,49,22.4,26.6
268,29,3,4,18,22.8,-4.8
71,24,1,0,14,14.4,-0.4
257,34,7,4,4,6.4,-2.4
169,26,12,1,18,20.3,-2.3
53,28,1,3,16,36.7,-20.7
50,32,4,4,5,10.7,-5.7
249,19,1,0,21,14.3,6.7
53,21,7,1,70,26.1,43.9
100,27,2,3,55,35.6,19.4
118,20,3,2,32,31.0,1.0
169,25,4,4,15,15.5,-0.5
10,25,11,0,8,19.5,-11.5
99,20,2,3,36,50.2,-14.2
251,31,4,0,9,8.3,0.7
120,31,1,2,4,12.7,-8.7
53,33,4,2,29,34.5,-5.5
92,19,1,0,14,30.2,-16.2
143,24,7,2,40,53.7,-13.7
143,27,0,2,14,42.1,-28.1
79,25,4,2,47,29.4,17.6
14,28,8,3,14,36.1,-22.1
75,24,7,4,159,226.7,-67.7
53,30,8,2,27,37.7,-10.7
149,32,4,4,81,30.6,50.4
112,23,12,0,10,18.6,-8.6
249,23,2,3,13,24.5,-11.5
107,33,4,3,61,44.3,16.7
67,27,1,4,110,28.5,81.5
266,27,1,0,4,8.5,-4.5
9,29,1,0,65,26.2,38.8
268,26,2,0,5,19.4,-14.4
147,27,8,2,17,26.6,-9.6
145,27,1,4,53,27.3,25.7
36,31,11,4,53,63.2,-10.2
12,27,7,4,4,24.6,-20.6
53,23,0,2,51,28.2,22.8
166,27,0,1,30,95.9,-65.9
20,19,8,0,11,99.2,-88.2
71,30,2,1,8,14.3,-6.3
268,19,4,4,63,41.5,21.5
71,23,5,1,9,11.2,-2.2
143,31,0,2,3,31.9,-28.9
107,25,11,4,20,37.6,-17.6
17,23,6,0,24,39.0,-15.0
268,31,2,4,19,23.3,-4.3
171,20,5,4,233,31.7,201.3
131,31,1,2,213,37.1,175.9
12,34,2,3,126,46.9,79.1
120,31,8,0,8,11.0,-3.0
96,28,1,4,67,47.4,19.6
133,31,4,1,43,50.6,-7.6
14,20,1,4,4,16.1,-12.1
143,23,4,3,35,72.1,-37.1
71,21,7,1,10,8.1,1.9
108,27,0,0,69,39.5,29.5
166,32,4,4,96,50.4,45.6
200,22,13,4,3,8.3,-5.3
171,25,7,3,38,38.0,-0.0
71,29,4,2,24,9.0,15.0
251,28,5,0,4,5.9,-1.9
171,26,8,2,13,36.6,-23.6
76,24,5,2,536,226.1,309.9
200,31,2,4,3,8.2,-5.2
100,21,8,3,18,44.5,-26.5
171,28,12,1,9,29.9,-20.9
169,29,5,4,7,13.6,-6.6
41,28,4,3,6,43.0,-37.0
147,30,7,1,28,15.1,12.9
101,26,3,0,11,32.4,-21.4
268,27,2,0,15,16.9,-1.9
71,23,12,1,6,17.1,-11.1
19,28,12,3,9,62.4,-53.4
10,30,2,4,8,16.0,-8.0
147,23,7,3,31,19.9,11.1
169,27,11,4,8,10.0,-2.0
143,34,2,2,55,46.1,8.9
92,33,0,4,26,12.9,13.1
143,25,3,3,26,67.2,-41.2
107,28,12,2,130,28.1,101.9
117,30,5,4,11,27.8,-16.8
237,30,2,0,29,34.6,-5.6
107,27,5,3,50,53.1,-3.1
225,33,2,0,6,24.9,-18.9
236,25,12,1,15,45.3,-30.3
147,22,8,0,5,18.2,-13.2
266,18,0,0,12,2.6,9.4
55,30,4,0,34,44.1,-10.1
120,26,2,0,6,12.8,-6.8
71,19,8,0,15,11.6,3.4
108,37,5,4,34,30.3,3.7
171,21,3,3,8,42.6,-34.6
145,28,3,0,5,20.2,-15.2
147,31,12,2,5,15.8,-10.8
209,23,5,0,31,73.2,-42.2
209,28,2,2,15,33.4,-18.4
268,28,3,0,29,12.7,16.3
79,28,0,2,91,24.1,66.9
100,34,2,4,6,22.6,-16.6
107,22,2,0,72,42.5,29.5
247,22,0,2,30,30.1,-0.1
107,27,3,2,50,35.1,14.9
53,20,1,0,50,27.0,23.0
143,25,0,4,31,26.5,4.5
95,27,3,3,5,45.9,-40.9
171,25,11,2,25,25.8,-0.8
225,22,0,3,22,41.4,-19.4
89,20,2,4,7,9.9,-2.9
149,32,2,3,106,50.7,55.3
219,33,2,1,213,74.7,138.3
268,30,8,1,13,18.7,-5.7
33,25,12,0,72,120.9,-48.9
218,21,12,0,53,72.0,-19.0
71,24,12,2,12,6.6,5.4
251,26,3,0,8,8.1,-0.1
71,27,4,4,20,13.8,6.2
108,25,11,4,16,28.5,-12.5
107,25,12,1,13,34.9,-21.9
107,27,4,1,32,37.6,-5.6
171,27,0,1,32,35.4,-3.4
231,28,2,0,48,30.2,17.8
114,32,2,1,58,23.7,34.3
55,27,12,4,17,20.9,-3.9
111,31,3,3,16,29.4,-13.4
225,26,8,0,5,23.4,-18.4
53,32,8,2,26,36.0,-10.0
107,27,8,3,55,50.7,4.3
179,33,2,4,24,33.5,-9.5
9,29,0,2,69,23.8,45.2
107,27,2,2,24,37.6,-13.6
269,33,8,0,15,20.5,-5.5
268,29,8,0,39,14.4,24.6
209,23,7,1,40,52.7,-12.7
107,27,3,4,10,34.9,-24.9
133,26,1,4,37,40.5,-3.5
54,27,11,0,10,45.9,-35.9
79,28,4,2,33,26.8,6.2
249,27,1,3,20,25.2,-5.2
171,26,11,2,45,30.0,15.0
257,22,8,0,9,17.5,-8.5
131,28,3,2,123,35.9,87.1
146,36,5,0,33,127.7,-94.7
92,30,0,3,18,38.0,-20.0
171,30,1,1,48,30.7,17.3
268,26,8,3,13,26.0,-13.0
145,31,7,4,5,18.7,-13.7
71,25,1,2,18,10.9,7.1
46,19,4,4,6,44.9,-38.9
76,31,2,3,446,279.9,166.1
268,20,10,4,5,28.6,-23.6
53,35,8,1,13,34.7,-21.7
109,25,11,4,32,25.3,6.7
76,22,2,4,196,214.1,-18.1
171,25,7,2,14,33.8,-19.8
145,19,0,0,7,24.9,-17.9
228,24,2,1,7,31.1,-24.1
268,28,2,4,44,16.1,27.9
118,20,7,2,15,29.9,-14.9
23,28,2,3,25,33.3,-8.3
120,26,2,3,92,13.5,78.5
53,37,2,4,37,34.0,3.0
107,26,2,1,147,35.8,111.2
147,27,2,3,8,26.0,-18.0
268,30,12,1,27,19.0,8.0
35,27,0,4,8,70.2,-62.2
107,23,0,3,30,42.3,-12.3
71,24,8,0,12,10.4,1.6
209,23,2,0,9,49.0,-40.0
169,28,4,4,11,13.1,-2.1
107,32,12,3,119,47.2,71.8
107,32,3,0,67,39.1,27.9
274,21,12,4,34,72.9,-38.9
268,27,1,4,33,19.4,13.6
71,23,6,0,12,14.4,-2.4
120,22,7,0,7,10.1,-3.1
89,28,4,4,4,5.3,-1.3
35,25,5,4,100,73.9,26.1
53,23,11,1,44,30.7,13.3
209,23,2,2,120,37.4,82.6
237,20,0,0,20,42.1,-22.1
268,25,1,0,118,16.0,102.0
12,23,2,0,67,43.6,23.4
260,19,4,0,5,9.3,-4.3
107,26,12,4,31,35.9,-4.9
257,23,2,4,5,55.8,-50.8
149,32,4,1,19,37.4,-18.4
171,21,7,1,35,35.2,-0.2
143,26,4,3,110,82.7,27.3
225,27,4,2,15,35.1,-20.1
237,38,5,0,20,26.3,-6.3
79,23,8,2,48,24.9,23.1
171,24,13,3,8,26.5,-18.5
143,33,10,3,23,99.2,-76.2
107,32,2,3,45,53.4,-8.4
108,30,8,4,47,31.9,15.1
268,28,8,4,16,13.5,2.5
107,29,4,3,138,40.5,97.5
268,20,3,4,34,32.1,1.9
227,25,4,0,32,19.8,12.2
92,26,4,1,15,27.0,-12.0
107,20,7,1,44,42.7,1.3
107,30,2,1,26,34.3,-8.3
171,28,4,4,8,25.0,-17.0
71,28,8,0,15,15.3,-0.3
143,20,2,3,13,73.4,-60.4
71,26,12,4,11,13.6,-2.6
71,29,8,3,8,16.9,-8.9
143,26,2,3,55,81.7,-26.7
30,21,11,1,147,78.5,68.5
268,30,1,4,16,27.2,-11.2
143,30,7,3,30,74.0,-44.0
108,27,13,4,41,26.2,14.8
71,25,5,4,9,18.3,-9.3
196,24,1,2,43,41.4,1.6
109,22,1,0,7,35.9,-28.9
107,26,8,3,14,52.7,-38.7
10,21,2,4,15,15.5,-0.5
71,30,1,3,24,17.0,7.0
147,28,4,3,172,12.0,160.0
65,29,12,4,4,22.1,-18.1
171,22,2,0,68,39.3,28.7
71,21,10,4,21,16.2,4.8
120,27,3,0,13,8.0,5.0
273,28,2,3,13,60.5,-47.5
109,29,6,3,7,36.4,-29.4
126,22,0,1,34,60.1,-26.1
147,23,7,3,13,19.9,-6.9
268,21,8,0,15,18.6,-3.6
38,23,2,2,43,64.0,-21.0
171,22,7,1,17,36.9,-19.9
71,33,8,1,7,13.9,-6.9
171,27,12,1,115,29.8,85.2
120,34,5,0,6,5.7,0.3
53,31,7,3,88,43.3,44.7
239,23,7,1,45,45.6,-0.6
266,28,5,0,15,6.7,8.3
136,30,12,3,92,73.4,18.6
171,27,0,1,13,35.4,-22.4
107,23,11,3,24,51.2,-27.2
171,26,1,1,152,33.0,119.0
71,35,8,4,20,14.9,5.1
120,28,7,3,12,2.7,9.3
10,34,3,4,6,16.8,-10.8
79,20,5,2,29,34.3,-5.3
79,23,11,2,30,26.5,3.5
268,24,2,1,6,16.9,-10.9
143,22,1,3,7,67.0,-60.0
209,27,11,4,104,27.0,77.0
169,19,4,4,3,13.0,-10.0
96,20,3,2,68,32.3,35.7
147,28,7,2,9,14.6,-5.6
9,30,8,0,17,30.9,-13.9
238,26,0,1,47,42.3,4.7
53,29,2,4,42,28.0,14.0
23,23,0,0,2,15.6,-13.6
169,25,4,4,11,15.5,-4.5
108,32,3,4,30,29.3,0.7
147,23,8,3,11,18.3,-7.3
14,24,1,4,3,17.5,-14.5
120,26,2,2,15,11.9,3.1
268,24,7,2,127,18.5,108.5
143,25,2,3,38,71.1,-33.1
53,25,0,2,37,29.9,7.1
71,29,12,3,10,7.3,2.7
22,34,2,2,10,49.2,-39.2
169,27,2,4,8,16.9,-8.9
225,25,7,2,44,35.2,8.8
147,26,1,3,27,20.1,6.9
268,22,2,2,60,18.4,41.6
53,32,4,3,1,45.6,-44.6
95,33,2,1,46,35.6,10.4
143,25,4,2,18,53.8,-35.8
133,24,7,2,11,52.9,-41.9
53,31,2,3,11,51.7,-40.7
120,39,3,0,9,36.5,-27.5
71,19,12,4,20,27.4,-7.4
23,30,1,0,4,24.1,-20.1
151,20,3,0,10,40.4,-30.4
87,28,2,3,10,373.7,-363.7
71,27,4,0,8,13.7,-5.7
147,24,2,0,23,18.9,4.1
225,30,7,2,13,28.2,-15.2
107,23,2,3,57,50.4,6.6
107,25,7,1,22,44.2,-22.2
22,28,12,4,9,26.5,-17.5
12,26,4,0,8,55.1,-47.1
107,19,4,1,62,61.0,1.0
109,24,1,3,46,36.9,9.1
107,22,12,3,8,77.2,-69.2
55,32,11,4,7,31.9,-24.9
238,29,4,0,35,28.5,6.5
209,26,2,1,163,35.8,127.2
145,22,2,0,18,27.3,-9.3
147,30,12,0,8,12.9,-4.9
107,29,1,4,94,30.6,63.4
71,27,3,4,13,12.4,0.6
71,18,0,0,5,4.4,0.6
171,32,4,0,9,33.8,-24.8
120,21,12,3,18,12.9,5.1
23,30,2,0,9,29.0,-20.0
177,25,1,3,24,168.2,-144.2
12,22,7,0,127,38.8,88.2
268,24,12,1,16,17.1,-1.1
145,25,2,1,4,27.0,-23.0
100,25,1,3,22,37.2,-15.2
15,24,2,4,12,30.4,-18.4
107,21,8,2,31,50.3,-19.3
169,26,0,4,5,15.3,-10.3
46,19,4,1,63,40.6,22.4
120,24,2,0,4,10.1,-6.1
171,26,4,3,9,40.1,-31.1
145,31,1,4,8,21.4,-13.4
135,23,8,0,22,29.8,-7.8
171,33,11,1,17,30.6,-13.6
240,22,11,1,52,34.4,17.6
107,20,4,2,66,41.3,24.7
150,28,4,0,51,44.4,6.6
171,35,2,4,38,23.1,14.9
196,33,4,2,89,58.5,30.5
237,24,3,2,50,27.6,22.4
268,29,12,1,17,18.4,-1.4
145,25,0,0,5,16.2,-11.2
55,29,4,4,38,23.8,14.2
12,30,2,1,171,43.7,127.3
71,23,1,0,9,13.0,-4.0
12,26,1,3,28,44.2,-16.2
71,19,1,2,16,12.7,3.3
145,21,0,0,18,31.8,-13.8
196,36,2,4,18,42.0,-24.0
87,26,5,2,16,42.3,-26.3
108,25,13,4,36,24.4,11.6
237,26,2,0,12,32.9,-20.9
120,30,2,0,5,10.9,-5.9
107,28,2,4,24,31.8,-7.8
169,23,8,4,8,11.4,-3.4
120,23,4,0,3,13.5,-10.5
268,22,0,0,12,21.4,-9.4
169,26,1,4,22,16.4,5.6
120,23,5,3,11,16.3,-5.3
147,29,6,3,4,15.1,-11.1
199,28,4,0,6,9.9,-3.9
273,20,0,0,11,45.6,-34.6
249,32,8,1,6,19.1,-13.1
161,20,8,1,55,76.7,-21.7
53,21,3,4,21,37.7,-16.7
196,26,3,4,12,51.2,-39.2
273,34,12,0,23,78.4,-55.4
145,25,12,0,22,15.8,6.2
76,24,4,0,170,280.5,-110.5
71,21,2,4,21,17.2,3.8
12,20,7,3,9,38.4,-29.4
209,19,2,0,48,86.7,-38.7
257,34,1,4,5,12.5,-7.5
90,28,5,0,22,30.2,-8.2
53,34,12,3,33,34.4,-1.4
268,25,2,0,360,15.6,344.4
145,26,4,4,17,29.4,-12.4
147,20,3,1,5,10.9,-5.9
107,20,1,1,47,37.8,9.2
200,33,5,0,5,11.4,-6.4
260,20,4,3,3,18.4,-15.4
171,24,0,2,47,24.5,22.5
15,32,8,4,6,37.9,-31.9
108,26,12,4,94,29.3,64.7
64,25,7,1,11,30.7,-19.7
12,25,7,2,10,39.2,-29.2
107,23,12,3,40,57.2,-17.2
169,27,4,4,10,15.8,-5.8
149,31,2,4,5,28.7,-23.7
145,35,10,4,42,19.1,22.9
111,19,2,2,4,26.9,-22.9
15,27,2,3,8,72.5,-64.5
53,32,11,1,26,42.1,-16.1
12,30,0,3,42,40.9,1.1
225,26,1,4,12,24.9,-12.9
107,28,2,3,14,44.5,-30.5
145,25,4,0,10,31.8,-21.8
107,19,1,2,22,51.7,-29.7
147,33,7,3,4,20.8,-16.8
41,21,11,0,12,38.5,-26.5
12,22,3,4,11,24.1,-13.1
265,32,4,3,19,13.6,5.4
120,30,12,0,9,6.1,2.9
76,22,2,2,183,250.3,-67.3
9,27,8,1,18,35.7,-17.7
171,26,1,1,28,33.0,-5.0
9,30,7,0,20,24.8,-4.8
228,28,2,1,13,34.7,-21.7
71,33,1,4,11,13.9,-2.9
262,25,11,4,4,7.2,-3.2
53,36,11,2,5,28.3,-23.3
268,28,7,0,6,14.9,-8.9
224,26,2,0,113,59.0,54.0
133,27,3,0,43,49.5,-6.5
15,26,2,4,6,31.5,-25.5
275,34,4,0,8,38.7,-30.7
55,23,1,4,10,29.6,-19.6
120,31,4,0,32,12.1,19.9
76,28,12,0,366,242.5,123.5
34,23,0,1,105,68.6,36.4
169,31,3,4,25,13.5,11.5
171,25,12,0,8,32.7,-24.7
15,30,2,4,27,22.6,4.4
14,25,4,3,15,34.8,-19.8
71,23,2,4,5,16.6,-11.6
241,23,1,1,12,35.8,-23.8
147,33,12,0,8,13.7,-5.7
119,19,11,3,4,88.2,-84.2
225,29,5,0,15,16.6,-1.6
108,31,2,4,33,30.6,2.4
107,20,4,2,71,41.3,29.7
252,32,5,0,19,14.5,4.5
225,28,4,4,7,21.2,-14.2
209,25,1,0,55,43.6,11.4
107,26,2,3,24,48.9,-24.9
89,30,8,4,6,8.7,-2.7
87,25,12,4,9,54.7,-45.7
107,22,4,0,15,47.9,-32.9
200,23,1,4,3,10.1,-7.1
92,18,4,0,29,25.3,3.7
163,21,1,2,40,68.7,-28.7
143,24,12,0,77,49.2,27.8
12,24,1,3,74,47.9,26.1
131,22,12,2,32,24.3,7.7
178,18,10,0,71,64.1,6.9
145,33,2,4,35,25.8,9.2
107,25,0,4,26,29.5,-3.5
177,23,2,0,15,47.7,-32.7
92,27,1,0,14,23.6,-9.6
171,26,0,3,23,34.4,-11.4
147,28,4,3,14,12.0,2.0
100,20,1,2,15,21.8,-6.8
171,30,0,3,11,36.5,-25.5
199,27,5,4,4,8.6,-4.6
11,20,1,4,74,17.6,56.4
199,30,4,1,4,9.5,-5.5
171,30,4,1,33,30.1,2.9
15,21,11,1,39,45.4,-6.4
248,35,4,4,3,17.1,-14.1
17,27,4,1,26,56.3,-30.3
100,21,4,4,30,29.7,0.3
225,26,2,3,22,40.3,-18.3
16,26,7,0,58,45.3,12.7
251,23,11,0,6,8.7,-2.7
225,25,10,4,10,17.9,-7.9
34,33,8,1,82,85.4,-3.4
225,26,4,4,44,29.0,15.0
107,28,4,2,9,30.2,-21.2
107,28,2,1,27,31.5,-4.5
220,31,4,0,12,71.9,-59.9
265,24,7,3,38,16.4,21.6
171,26,11,3,8,34.5,-26.5
171,27,1,1,97,34.0,63.0
71,33,4,4,7,14.7,-7.7
147,24,4,1,8,17.5,-9.5
264,29,5,0,5,6.9,-1.9
12,20,8,3,25,38.1,-13.1
268,26,1,4,20,20.1,-0.1
225,25,12,1,15,29.5,-14.5
109,36,2,3,28,32.3,-4.3
209,19,2,3,63,123.1,-60.1
120,20,4,3,4,5.3,-1.3
262,28,2,0,11,12.3,-1.3
107,23,7,3,25,54.1,-29.1
71,26,2,4,26,14.9,11.1
71,22,2,4,17,16.4,0.6
38,23,2,0,43,58.2,-15.2
71,25,2,0,19,14.5,4.5
16,28,2,3,540,110.8,429.2
120,32,5,0,8,9.2,-1.2
225,39,5,0,9,44.9,-35.9
130,24,4,4,12,36.4,-24.4
71,27,5,4,30,15.6,14.4
171,24,12,1,26,24.3,1.7
10,27,8,2,35,24.6,10.4
12,25,4,3,32,48.0,-16.0
120,33,12,0,7,5.5,1.5
107,28,7,3,27,38.6,-11.6
272,29,4,0,5,9.0,-4.0
100,25,2,3,71,38.2,32.8
120,21,4,2,4,9.8,-5.8
268,36,12,0,6,28.3,-22.3
109,22,3,0,36,25.6,10.4
200,27,2,0,3,14.8,-11.8
9,23,4,0,85,38.9,46.1
191,24,0,3,35,40.2,-5.2
223,34,2,4,152,36.0,116.0
143,22,1,3,25,67.0,-42.0
113,23,0,0,35,14.6,20.4
207,24,4,4,86,19.6,66.4
44,32,1,4,164,29.3,134.7
92,28,4,3,48,28.7,19.3
169,30,1,4,5,15.8,-10.8
30,20,11,2,156,86.8,69.2
23,31,2,0,27,39.4,-12.4
171,27,8,1,15,35.8,-20.8
171,32,2,4,20,27.3,-7.3
120,33,12,2,8,6.9,1.1
144,20,4,0,44,75.6,-31.6
108,29,1,4,25,30.6,-5.6
214,20,0,0,5,29.6,-24.6
200,30,8,2,15,12.6,2.4
36,20,12,0,42,100.9,-58.9
274,21,5,4,275,97.1,177.9
146,22,2,0,197,149.5,47.5
199,35,3,1,8,5.0,3.0
